Rk,Player,Pos,Age,Tm,G,MP,PER,TS%,3PAr,FTr,ORB%,DRB%,TRB%,AST%,STL%,BLK%,TOV%,USG%, ,OWS,DWS,WS,WS/48, ,OBPM,DBPM,BPM,VORP,Player-additional
1,Mahmoud Abdul-Rauf,PG,26,DEN,57,2029,18.6,.535,.324,.164,1.5,6.4,3.9,34.7,1.6,0.1,10.1,25.1,,4.4,1.1,5.5,.131,,3.5,-1.6,1.9,1.9,abdulma02
2,Michael Adams,PG,33,CHH,21,329,16.1,.579,.494,.422,1.8,6.4,4.1,30.4,3.3,0.9,20.3,17.0,,0.6,0.2,0.8,.117,,1.6,1.2,2.8,0.4,adamsmi01
3,Rafael Addison,SF,31,CHH,53,516,9.6,.489,.055,.133,5.8,15.6,10.6,9.2,0.9,1.3,13.4,17.7,,0.0,0.2,0.2,.019,,-3.9,-1.0,-4.9,-0.4,addisra01
4,Cory Alexander,PG,22,SAS,60,560,8.7,.506,.426,.161,1.9,6.3,4.2,31.6,2.5,0.3,29.1,18.8,,-0.5,0.7,0.2,.021,,-4.2,-0.1,-4.3,-0.3,alexaco01
5,Jerome Allen,SG,23,MIN,41,362,7.8,.447,.314,.343,1.7,6.6,4.1,20.8,3.0,1.1,22.0,19.0,,-0.5,0.3,-0.3,-0.033,,-4.3,-0.2,-4.6,-0.2,allenje01
6,Derrick Alston,C,23,PHI,73,1614,11.8,.518,.008,.289,8.8,12.9,10.8,6.5,1.8,2.4,11.9,13.7,,1.0,0.8,1.7,.052,,-2.5,-0.2,-2.8,-0.3,alstode01
7,John Amaechi,PF,25,CLE,28,357,3.1,.456,.000,.471,4.8,14.8,9.7,4.1,1.0,2.7,28.7,16.8,,-0.9,0.4,-0.6,-0.075,,-8.3,-0.9,-9.1,-0.6,amaecjo01
8,Ashraf Amaya,PF,24,VAN,54,1104,11.8,.534,.004,.591,11.7,20.8,16.1,5.1,1.1,0.7,15.2,15.5,,0.7,1.1,1.8,.078,,-3.3,-1.5,-4.8,-0.8,amayaas01
9,Greg Anderson,PF,31,SAS,46,344,7.7,.466,.021,.532,9.8,22.1,16.2,4.0,1.3,5.0,27.5,10.5,,-0.3,0.7,0.4,.056,,-6.2,2.6,-3.5,-0.1,andergr01
10,Kenny Anderson,PG,25,TOT,69,2344,19.5,.534,.307,.405,3.0,7.1,5.0,40.4,2.5,0.5,12.9,21.4,,6.1,1.6,7.7,.158,,4.1,0.2,4.3,3.7,anderke01
10,Kenny Anderson,PG,25,NJN,31,1042,19.8,.511,.261,.495,3.8,6.9,5.3,40.4,2.6,0.6,11.1,21.8,,2.7,1.0,3.7,.172,,4.2,1.2,5.4,1.9,anderke01
10,Kenny Anderson,PG,25,CHH,38,1302,19.2,.555,.346,.330,2.4,7.2,4.8,40.4,2.4,0.3,14.5,21.1,,3.4,0.6,4.0,.148,,4.1,-0.6,3.4,1.8,anderke01
11,Nick Anderson,SG,28,ORL,77,2717,16.5,.562,.476,.265,4.0,13.5,8.9,15.6,2.3,1.2,12.3,19.1,,4.2,3.3,7.4,.131,,2.3,0.6,2.9,3.4,anderni01
12,Willie Anderson,SG,29,TOT,76,2060,11.3,.507,.182,.247,2.8,11.4,7.1,15.1,1.9,2.2,16.3,18.9,,0.0,1.5,1.4,.033,,-2.4,0.2,-2.2,-0.1,anderwi01
12,Willie Anderson,SG,29,TOR,49,1564,11.9,.518,.180,.250,2.7,11.6,7.1,15.1,1.9,2.5,16.9,19.8,,0.1,0.8,0.9,.027,,-2.0,-0.1,-2.1,0.0,anderwi01
12,Willie Anderson,SG,29,NYK,27,496,9.2,.464,.188,.233,3.2,10.9,7.2,15.0,1.8,1.2,14.1,16.0,,-0.2,0.7,0.5,.052,,-3.6,1.2,-2.4,-0.1,anderwi01
13,Greg Anthony,PG,28,VAN,69,2096,18.6,.530,.347,.380,1.6,8.4,4.9,41.9,2.9,0.4,14.9,23.3,,2.9,1.9,4.8,.111,,2.6,0.4,2.9,2.6,anthogr01
14,B.J. Armstrong,PG,28,GSW,82,2262,17.3,.595,.285,.384,1.1,8.3,4.7,28.4,1.5,0.2,13.1,18.8,,6.2,0.8,7.0,.149,,2.7,-0.8,1.8,2.2,armstbj01
15,Darrell Armstrong,PG,27,ORL,13,41,32.4,.622,.375,.125,0.0,5.6,2.8,29.3,7.7,0.0,15.1,43.8,,0.0,0.1,0.1,.158,,5.7,3.8,9.5,0.1,armstda01
16,Vincent Askew,SG,29,SEA,69,1725,11.9,.574,.197,.369,4.7,10.0,7.5,14.6,1.4,0.7,15.9,15.6,,2.2,2.2,4.3,.120,,-0.5,0.4,-0.1,0.8,askewvi01
17,Keith Askins,SF,28,MIA,75,1897,10.0,.550,.606,.146,7.1,12.7,9.9,9.8,1.3,2.5,16.5,11.9,,1.6,2.8,4.4,.111,,-0.8,1.8,1.0,1.4,askinke01
18,Stacey Augmon,SF,27,ATL,77,2294,15.9,.556,.005,.430,6.8,9.0,7.8,10.0,2.5,1.0,13.6,19.9,,3.5,2.1,5.6,.117,,0.1,0.3,0.4,1.4,augmost01
19,Anthony Avent,PF,26,VAN,71,1586,6.9,.415,.000,.165,7.7,18.9,13.1,7.4,1.0,2.0,17.6,17.5,,-2.8,1.6,-1.2,-0.037,,-6.5,-0.7,-7.3,-2.1,aventan01
20,Vin Baker,PF,24,MIL,82,3319,18.4,.527,.034,.335,9.5,20.5,14.9,11.4,1.1,2.1,11.6,25.6,,3.7,2.4,6.2,.089,,1.2,-1.1,0.1,1.8,bakervi01
21,Steve Bardo,SG,27,DET,9,123,8.4,.429,.174,.261,2.0,18.9,10.8,19.2,1.8,0.6,16.3,11.9,,0.0,0.2,0.2,.069,,-4.4,1.9,-2.6,0.0,bardost01
22,Charles Barkley*,PF,32,PHO,71,2632,24.8,.585,.151,.488,10.9,25.0,18.1,17.4,2.2,1.6,13.4,27.5,,7.0,3.5,10.5,.191,,5.0,0.6,5.7,5.1,barklch01
23,Dana Barros,PG,28,BOS,80,2328,15.6,.596,.457,.182,1.0,8.4,4.6,20.8,1.2,0.1,12.1,18.3,,4.8,0.8,5.6,.116,,2.3,-1.1,1.1,1.8,barroda01
24,Brent Barry,SG,24,LAC,79,1898,15.9,.609,.496,.229,2.4,8.4,5.3,18.8,2.6,0.9,15.4,18.3,,3.7,1.2,4.9,.124,,1.7,0.5,2.2,2.0,barrybr01
25,Jon Barry,SG,26,GSW,68,712,14.9,.638,.503,.200,2.7,7.5,5.1,18.5,2.4,1.1,17.3,14.9,,1.4,0.4,1.8,.122,,2.0,0.8,2.8,0.9,barryjo01
26,Corey Beck,PG,24,CHH,5,33,0.8,.282,.000,.250,10.8,15.0,12.9,21.0,1.6,0.0,31.1,17.7,,-0.1,0.0,-0.1,-0.140,,-9.0,-0.7,-9.7,-0.1,beckco01
27,Benoit Benjamin,C,31,TOT,83,1896,14.4,.539,.005,.329,8.8,26.1,17.3,5.7,1.3,3.4,17.6,19.8,,0.1,2.2,2.3,.057,,-2.3,-0.3,-2.6,-0.3,benjabe01
27,Benoit Benjamin,C,31,VAN,13,404,13.6,.488,.000,.348,8.7,21.7,15.0,7.6,1.3,2.8,15.5,24.8,,-0.4,0.5,0.1,.010,,-2.6,-1.2,-3.8,-0.2,benjabe01
27,Benoit Benjamin,C,31,MIL,70,1492,14.6,.558,.007,.322,8.9,27.3,17.9,5.2,1.2,3.6,18.3,18.4,,0.5,1.7,2.2,.070,,-2.2,-0.1,-2.3,-0.1,benjabe01
28,Elmer Bennett,PG,25,PHI,8,66,-0.5,.293,.000,.235,1.7,7.2,4.4,18.7,0.8,1.1,27.2,17.4,,-0.3,0.0,-0.3,-0.200,,-8.3,-3.0,-11.3,-0.2,benneel01
29,Mario Bennett,SF,22,PHO,19,230,13.3,.515,.016,.656,10.7,13.9,12.3,3.9,2.5,3.6,11.8,18.1,,0.2,0.3,0.5,.098,,-3.4,0.8,-2.6,0.0,bennema01
30,David Benoit,SF,27,UTA,81,1961,12.2,.524,.330,.193,5.8,17.9,12.0,6.3,1.2,2.1,10.1,16.4,,1.6,2.3,3.9,.096,,-0.2,0.0,-0.2,0.9,benoida01
31,Travis Best,PG,23,IND,59,571,11.5,.545,.153,.552,2.5,7.0,4.8,26.8,1.9,0.4,23.7,21.4,,0.2,0.5,0.7,.057,,-1.9,-0.4,-2.2,0.0,besttr01
32,Mookie Blaylock,PG,28,ATL,81,2893,18.9,.529,.555,.151,4.3,9.5,6.8,27.6,3.9,0.5,13.6,21.5,,5.4,3.6,9.0,.149,,3.8,1.5,5.3,5.4,blaylmo01
33,Corie Blount,PF,27,LAL,57,715,10.9,.491,.012,.263,11.5,16.1,13.8,8.3,1.8,3.4,20.1,14.6,,-0.1,1.0,0.9,.063,,-3.5,0.9,-2.7,-0.1,blounco01
34,Muggsy Bogues,PG,31,CHH,6,77,10.6,.415,.063,.125,9.3,1.6,5.5,35.1,1.4,0.0,26.2,13.4,,0.0,0.0,0.0,.020,,0.1,-3.0,-2.9,0.0,boguemu01
35,Anthony Bonner,PF,27,ORL,4,43,11.3,.360,.000,.467,16.6,34.4,25.7,13.5,3.6,0.0,14.2,22.2,,-0.1,0.1,0.0,.040,,-7.9,-0.8,-8.7,-0.1,bonnean01
36,Melvin Booker,PG,23,HOU,11,131,6.2,.401,.380,.220,0.9,6.8,3.9,24.5,2.0,0.5,18.0,22.9,,-0.3,0.1,-0.2,-0.065,,-7.3,-2.5,-9.8,-0.3,bookeme01
37,Anthony Bowie,SG,32,ORL,74,1078,10.4,.527,.114,.169,4.4,8.8,6.6,14.2,1.6,0.7,15.8,14.6,,0.7,0.9,1.6,.071,,-2.4,0.1,-2.3,-0.1,bowiean01
38,Donnie Boyce,SG,22,ATL,8,41,17.7,.485,.348,.174,13.9,15.0,14.4,13.6,3.9,1.9,19.5,33.7,,-0.1,0.1,0.0,.004,,1.6,-1.0,0.6,0.0,boycedo01
39,Shawn Bradley,C,23,TOT,79,2329,15.7,.481,.005,.282,10.3,20.4,15.2,4.9,1.1,9.4,15.4,21.8,,-1.1,4.1,3.0,.062,,-3.2,1.7,-1.4,0.3,bradlsh01
39,Shawn Bradley,C,23,PHI,12,334,13.4,.486,.000,.258,11.4,25.6,18.3,4.1,1.2,8.4,22.3,18.6,,-0.4,0.4,0.0,.005,,-4.7,1.3,-3.4,-0.1,bradlsh01
39,Shawn Bradley,C,23,NJN,67,1995,16.1,.480,.005,.285,10.1,19.5,14.7,5.0,1.1,9.6,14.5,22.4,,-0.7,3.7,3.0,.071,,-2.9,1.8,-1.1,0.4,bradlsh01
40,Marques Bragg,PF,25,MIN,53,369,9.8,.475,.000,.342,12.3,13.3,12.8,3.6,2.4,1.7,15.8,19.7,,-0.3,0.3,0.1,.012,,-4.6,-1.0,-5.6,-0.3,braggma01
41,Terrell Brandon,PG,25,CLE,75,2570,25.2,.573,.214,.348,2.4,10.6,6.4,38.1,3.0,1.1,10.1,27.6,,9.5,3.1,12.7,.237,,6.0,1.5,7.5,6.2,brandte01
42,Tim Breaux,SF,25,HOU,54,570,6.2,.445,.286,.280,4.5,7.4,6.0,6.3,1.0,1.0,14.2,16.6,,-0.6,0.3,-0.2,-0.021,,-4.5,-2.2,-6.7,-0.7,breauti01
43,Frank Brickowski,C,36,SEA,63,986,8.6,.585,.313,.341,3.3,14.3,9.0,9.1,1.3,0.6,21.2,16.7,,0.1,1.4,1.6,.076,,-4.1,0.3,-3.8,-0.4,brickfr01
44,Scott Brooks,PG,30,DAL,69,716,16.6,.544,.212,.235,1.5,4.8,3.0,23.4,3.0,0.3,11.7,21.3,,1.2,0.4,1.6,.110,,0.1,0.4,0.5,0.5,brooksc01
45,Chucky Brown,PF,27,HOU,82,2019,13.7,.568,.014,.270,7.7,16.8,12.4,7.0,1.2,1.3,13.1,15.9,,2.2,2.1,4.2,.101,,-1.2,-0.4,-1.6,0.2,brownch01
46,Dee Brown,PG,27,BOS,65,1591,13.7,.507,.357,.256,2.5,7.2,4.8,14.3,2.5,0.5,9.7,20.5,,1.4,1.0,2.4,.073,,-0.5,0.0,-0.5,0.6,brownde01
47,Mike Brown,C,32,PHI,9,162,7.3,.554,.000,1.063,9.7,16.8,13.2,2.8,1.0,0.9,20.4,8.1,,0.1,0.1,0.1,.037,,-4.4,-1.7,-6.1,-0.2,brownmi01
48,P.J. Brown,C,26,NJN,81,2942,12.6,.500,.019,.332,7.9,13.2,10.5,9.3,1.4,2.6,12.7,15.6,,2.0,3.3,5.3,.087,,-1.3,0.7,-0.5,1.1,brownpj01
49,Randy Brown,PG,27,CHI,68,671,11.2,.436,.057,.240,3.0,8.5,5.7,15.1,4.5,1.4,12.7,16.0,,0.0,1.5,1.5,.105,,-4.3,4.0,-0.2,0.3,brownra02
50,Mark Bryant,PF,30,HOU,71,1587,13.1,.583,.004,.397,9.6,15.3,12.5,5.2,1.0,0.9,14.0,17.3,,2.1,1.4,3.6,.107,,-2.5,-1.1,-3.7,-0.7,bryanma01
51,Jud Buechler,SF,27,CHI,74,740,14.1,.552,.372,.091,7.1,10.4,8.7,11.1,2.4,0.7,13.4,17.3,,1.0,1.2,2.3,.148,,0.8,1.0,1.7,0.7,buechju01
52,Matt Bullard,PF,28,ATL,46,460,11.5,.509,.444,.123,4.4,11.3,7.7,6.4,2.0,1.9,12.3,19.0,,0.2,0.4,0.6,.065,,-1.4,-0.3,-1.6,0.0,bullama01
53,Scott Burrell,SF,25,CHH,20,693,13.0,.570,.476,.272,4.5,12.9,8.6,10.5,2.0,1.4,15.7,17.9,,0.6,0.4,1.1,.075,,0.0,0.1,0.1,0.4,burresc01
54,Junior Burrough,PF,23,BOS,61,495,9.0,.448,.000,.547,9.9,14.8,12.3,4.6,1.5,1.4,15.9,21.8,,-0.6,0.4,-0.2,-0.018,,-5.5,-2.0,-7.5,-0.7,burroju01
55,Mitchell Butler,SG,25,WSB,61,858,7.4,.446,.262,.362,4.1,12.0,8.1,11.1,2.4,1.0,20.1,17.3,,-1.2,1.0,-0.2,-0.010,,-4.7,0.6,-4.1,-0.5,butlemi02
56,Jason Caffey,PF,22,CHI,57,545,7.9,.474,.006,.420,10.9,12.8,11.9,6.3,1.2,1.0,20.0,19.4,,-0.4,0.8,0.4,.038,,-6.1,-1.1,-7.1,-0.7,caffeja01
57,Michael Cage,C,34,CLE,82,2631,14.1,.561,.003,.232,14.3,22.7,18.4,3.3,1.9,2.7,11.0,9.4,,4.1,4.0,8.1,.148,,-0.4,0.2,-0.2,1.2,cagemi01
58,Adrian Caldwell,PF,29,IND,51,327,10.4,.556,.000,.434,16.6,25.2,21.0,3.0,1.5,1.2,26.2,18.8,,-0.2,0.5,0.3,.044,,-5.1,-0.7,-5.8,-0.3,caldwad01
59,Elden Campbell,PF,27,LAL,82,2699,18.0,.549,.006,.393,7.1,19.5,13.4,10.3,1.7,5.5,11.6,19.6,,3.8,4.4,8.2,.147,,-0.2,1.9,1.7,2.6,campbel01
60,Antoine Carr,SF,34,UTA,80,1532,10.6,.506,.006,.282,5.8,10.1,8.0,7.6,1.0,3.5,12.0,19.5,,0.6,1.5,2.1,.065,,-3.5,0.0,-3.5,-0.6,carran01
61,Chris Carr,SG,21,PHO,60,590,10.5,.493,.194,.276,5.4,14.5,10.0,11.4,0.9,0.6,14.1,21.4,,-0.1,0.3,0.3,.021,,-3.4,-1.8,-5.2,-0.5,carrch01
62,Sam Cassell,PG,26,HOU,61,1682,16.8,.565,.319,.433,3.5,9.0,6.3,27.3,1.6,0.2,16.7,25.1,,2.6,1.2,3.9,.110,,1.2,-0.9,0.3,1.0,cassesa01
63,Duane Causwell,C,27,SAC,73,1044,9.9,.484,.005,.444,9.5,18.0,13.7,2.9,1.3,5.6,17.0,13.1,,0.0,1.3,1.3,.059,,-4.4,1.2,-3.2,-0.3,causwdu01
64,Cedric Ceballos,SF,26,LAL,78,2628,22.1,.599,.153,.340,9.7,13.9,11.9,7.9,1.9,0.6,10.8,26.5,,7.1,2.8,9.8,.180,,3.9,-1.3,2.6,3.1,cebalce01
65,Rex Chapman,SG,28,MIA,56,1865,13.0,.539,.496,.166,1.4,7.5,4.5,15.4,1.3,0.4,9.8,19.7,,2.3,1.9,4.2,.108,,0.7,0.1,0.8,1.3,chapmre01
66,Calbert Cheaney,SF,24,WSB,70,2324,13.0,.528,.170,.236,3.5,8.5,6.1,10.6,1.5,0.6,11.4,21.7,,1.5,1.7,3.2,.065,,-1.0,-0.9,-1.9,0.1,cheanca01
67,Pete Chilcutt,PF,27,HOU,74,651,12.5,.525,.547,.145,9.1,17.8,13.6,6.0,1.5,1.5,10.4,14.7,,0.6,0.8,1.4,.101,,-0.4,-0.7,-1.1,0.1,chilcpe01
68,Randolph Childress,PG,23,POR,28,250,6.7,.468,.595,.342,0.5,8.2,4.3,19.1,1.7,0.3,23.6,20.8,,-0.3,0.3,0.0,-0.009,,-4.9,-0.5,-5.4,-0.2,childra01
69,Chris Childs,PG,28,NJN,78,2408,16.4,.549,.333,.391,2.3,9.1,5.6,38.6,2.4,0.3,20.1,20.7,,3.3,2.5,5.8,.115,,1.3,0.4,1.7,2.2,childch01
70,Doug Christie,SF,25,TOT,55,1036,14.0,.549,.315,.276,3.9,13.8,8.8,18.0,3.5,1.4,20.1,20.4,,0.2,1.2,1.4,.065,,-1.7,0.8,-0.8,0.3,chrisdo01
70,Doug Christie,SF,25,NYK,23,218,14.1,.562,.260,.301,4.5,13.7,9.2,19.2,2.9,1.1,18.7,21.7,,0.1,0.4,0.5,.108,,-1.5,2.2,0.7,0.1,chrisdo01
70,Doug Christie,SF,25,TOR,32,818,13.9,.545,.330,.269,3.8,13.8,8.7,17.7,3.7,1.5,20.5,20.0,,0.1,0.8,0.9,.054,,-1.7,0.5,-1.2,0.2,chrisdo01
71,Robert Churchwell,SG,23,GSW,4,20,1.2,.375,.000,.000,0.0,17.4,8.6,8.0,0.0,0.0,20.0,21.8,,-0.1,0.0,-0.1,-0.166,,-7.8,-2.9,-10.6,0.0,churcro01
72,Charles Claxton,C,25,BOS,3,7,0.2,.347,.000,1.000,31.2,0.0,16.0,0.0,0.0,10.0,25.8,23.9,,0.0,0.0,0.0,-0.179,,-16.3,-2.6,-18.9,0.0,claxtch01
73,John Coker,C,24,PHO,5,11,37.3,.800,.000,.000,21.4,0.0,10.5,21.2,0.0,6.8,0.0,20.2,,0.1,0.0,0.1,.360,,11.6,1.9,13.5,0.0,cokerjo01
74,Derrick Coleman,PF,28,PHI,11,294,12.0,.466,.178,.271,5.0,23.8,14.1,19.3,0.7,2.5,17.5,24.3,,-0.4,0.2,-0.2,-0.029,,-2.8,-0.7,-3.5,-0.1,colemde01
75,Bimbo Coles,PG,27,TOT,81,2615,12.4,.513,.327,.272,2.2,9.2,5.8,25.9,1.9,0.5,16.4,17.9,,2.2,2.8,5.0,.091,,-0.8,0.6,-0.2,1.2,colesbi01
75,Bimbo Coles,PG,27,MIA,52,1882,13.0,.523,.308,.309,2.4,9.9,6.2,25.7,1.8,0.5,16.2,18.3,,1.9,2.4,4.3,.109,,-0.3,0.9,0.6,1.2,colesbi01
75,Bimbo Coles,PG,27,GSW,29,733,10.9,.486,.376,.174,1.7,7.6,4.6,26.3,2.2,0.5,17.0,16.8,,0.3,0.4,0.7,.047,,-2.1,-0.2,-2.3,-0.1,colesbi01
76,Marty Conlon,C,28,MIL,74,958,12.2,.526,.092,.336,7.3,15.5,11.3,11.7,1.1,0.9,17.4,21.7,,0.1,0.5,0.6,.028,,-2.3,-1.2,-3.5,-0.4,conloma01
77,Anthony Cook,PF,28,POR,11,60,7.6,.422,.125,.250,9.5,13.2,11.4,5.1,0.0,1.2,5.3,13.7,,0.0,0.1,0.1,.057,,-4.5,-1.4,-5.9,-0.1,cookan01
78,Tyrone Corbin,SF,33,TOT,71,1284,12.6,.511,.051,.342,7.4,14.7,11.0,10.4,2.5,1.2,14.2,16.2,,0.9,1.6,2.5,.093,,-1.7,1.0,-0.7,0.4,corbity01
78,Tyrone Corbin,SF,33,SAC,49,930,13.3,.521,.046,.355,6.8,15.5,11.1,10.5,2.6,1.4,14.3,16.5,,0.7,1.1,1.8,.092,,-1.3,0.9,-0.4,0.4,corbity01
78,Tyrone Corbin,SF,33,MIA,22,354,10.8,.484,.065,.304,8.8,12.5,10.7,10.4,2.4,0.7,14.0,15.6,,0.2,0.6,0.7,.097,,-3.0,1.2,-1.7,0.0,corbity01
79,Joe Courtney,PF,26,CLE,23,200,7.0,.443,.000,.514,15.7,16.9,16.3,7.2,1.5,2.7,28.4,15.1,,-0.2,0.2,0.0,.000,,-7.1,-0.9,-8.0,-0.3,courtjo01
80,John Crotty,PG,26,CLE,58,617,13.0,.590,.237,.632,4.2,7.5,5.8,26.9,2.1,0.9,25.9,16.1,,0.8,0.5,1.3,.101,,-1.5,0.2,-1.3,0.1,crottjo01
81,Terry Cummings,PF,34,MIL,81,1777,13.9,.493,.012,.274,11.0,19.9,15.3,8.1,1.7,1.3,9.5,18.6,,1.5,1.5,3.0,.080,,-1.6,-0.6,-2.3,-0.1,cummite01
82,Dell Curry,SG,31,CHH,82,2371,16.8,.568,.417,.176,3.4,10.2,6.8,12.5,2.4,0.8,11.0,22.5,,3.8,1.4,5.1,.104,,2.1,-0.3,1.8,2.3,curryde01
83,Michael Curry,SG-SF,27,TOT,46,783,9.4,.560,.329,.385,4.3,8.6,6.6,5.6,1.7,0.2,11.3,12.9,,0.8,0.8,1.6,.100,,-2.4,0.9,-1.5,0.1,currymi01
83,Michael Curry,SF,27,WSB,5,34,8.2,.425,.300,.400,7.1,10.2,8.7,4.1,1.5,0.0,7.8,16.8,,0.0,0.0,0.0,.033,,-2.8,-0.7,-3.5,0.0,currymi01
83,Michael Curry,SG,27,DET,41,749,9.4,.569,.331,.384,4.2,8.6,6.5,5.6,1.7,0.2,11.5,12.7,,0.8,0.8,1.6,.103,,-2.4,1.0,-1.5,0.1,currymi01
84,Rastko Cvetković,C,25,DEN,14,48,2.1,.282,.063,.250,9.6,16.9,13.2,9.6,2.2,1.5,14.5,19.3,,-0.2,0.1,-0.1,-0.118,,-9.8,-1.3,-11.0,-0.1,cvetkra01
85,Sasha Danilović,SG,25,MIA,19,542,14.4,.591,.424,.391,2.6,7.1,4.9,14.9,1.5,0.4,14.6,21.2,,0.9,0.6,1.5,.129,,1.0,-0.6,0.4,0.3,danilsa01
86,Yinka Dare,C,23,NJN,58,626,6.1,.479,.000,.431,9.6,22.5,15.9,0.0,0.7,4.9,29.6,17.0,,-1.4,1.0,-0.5,-0.037,,-9.0,0.3,-8.7,-1.0,dareyi01
87,Antonio Davis,PF,27,IND,82,2092,13.9,.567,.004,.716,11.6,18.1,15.0,3.2,0.8,2.5,12.1,15.8,,3.6,2.4,6.0,.137,,-0.6,-0.4,-1.1,0.5,davisan01
88,Dale Davis,PF,26,IND,78,2617,14.3,.553,.000,.482,12.4,21.1,16.9,4.6,1.2,3.4,14.1,14.8,,2.6,3.7,6.2,.115,,0.1,0.3,0.4,1.5,davisda01
89,Hubert Davis,SG,25,NYK,74,1773,14.8,.633,.472,.228,2.4,5.7,4.1,9.6,0.9,0.3,9.2,18.0,,4.0,1.6,5.6,.151,,2.3,-0.6,1.7,1.7,davishu01
90,Mark Davis,SF,22,MIN,57,571,10.9,.470,.087,.779,11.7,14.5,13.1,12.6,3.6,2.9,25.4,20.8,,-0.8,0.8,-0.1,-0.005,,-4.2,1.0,-3.2,-0.2,davisma02
91,Terry Davis,PF,28,DAL,28,501,10.0,.532,.000,.435,8.3,17.0,12.2,6.2,1.0,0.6,16.3,12.8,,0.3,0.3,0.5,.052,,-3.7,-1.0,-4.7,-0.3,daviste01
92,Todd Day,SG,26,TOT,79,1807,13.5,.489,.370,.351,4.3,9.9,7.0,9.5,2.2,2.0,10.4,25.2,,0.4,1.5,1.9,.049,,-0.8,-0.5,-1.3,0.3,dayto01
92,Todd Day,SG,26,MIL,8,171,8.0,.443,.352,.366,5.6,10.2,7.9,4.6,1.2,1.4,11.8,25.0,,-0.2,0.1,-0.1,-0.028,,-5.0,-1.3,-6.3,-0.2,dayto01
92,Todd Day,SG,26,BOS,71,1636,14.1,.493,.371,.350,4.1,9.8,6.9,10.0,2.3,2.1,10.2,25.2,,0.6,1.4,2.0,.057,,-0.4,-0.4,-0.8,0.5,dayto01
93,Andrew DeClercq,C,22,GSW,22,203,12.1,.505,.020,.380,10.1,12.0,11.1,6.8,1.8,1.8,6.4,13.4,,0.3,0.1,0.4,.102,,-2.0,0.2,-1.7,0.0,declean01
94,Terry Dehere,PG,24,LAC,82,2018,16.7,.612,.461,.477,2.4,6.2,4.3,27.3,1.4,0.6,18.7,22.6,,4.5,0.5,5.0,.119,,2.7,-1.9,0.8,1.4,deherte01
95,Vinny Del Negro,SG,29,SAS,82,2766,15.6,.564,.156,.222,1.5,9.1,5.5,18.3,1.6,0.2,8.6,18.8,,5.2,3.2,8.3,.144,,0.4,0.7,1.1,2.2,delnevi01
96,Bison Dele,C,26,LAC,65,2157,17.0,.582,.008,.349,8.2,19.5,13.7,9.4,1.7,1.9,17.7,22.2,,2.1,1.9,4.0,.090,,-0.2,-0.4,-0.6,0.8,delebi01
97,Dell Demps,SG,25,SAS,16,87,17.1,.655,.061,.515,2.7,8.6,5.8,15.9,1.8,0.8,22.9,27.1,,0.1,0.1,0.2,.105,,-2.0,0.2,-1.8,0.0,dempsde01
98,Vlade Divac*,C,27,LAL,79,2470,17.4,.544,.022,.366,9.5,22.2,16.0,16.3,1.6,3.7,17.5,20.6,,2.2,4.0,6.1,.119,,-0.2,1.6,1.4,2.1,divacvl01
99,Sherman Douglas,PG,29,TOT,79,2335,14.6,.570,.161,.320,2.8,6.6,4.7,30.0,1.4,0.2,19.9,19.0,,2.9,0.4,3.3,.068,,0.8,-1.9,-1.1,0.5,douglsh01
99,Sherman Douglas,PG,29,BOS,10,234,9.3,.482,.083,.476,2.8,8.3,5.5,26.0,0.4,0.0,22.2,24.0,,-0.3,0.0,-0.3,-0.053,,-3.2,-3.6,-6.8,-0.3,douglsh01
99,Sherman Douglas,PG,29,MIL,69,2101,15.2,.583,.171,.298,2.8,6.4,4.6,30.4,1.5,0.2,19.5,18.4,,3.2,0.4,3.5,.081,,1.2,-1.7,-0.5,0.8,douglsh01
100,Clyde Drexler*,SG,33,HOU,52,1997,20.0,.551,.308,.442,5.6,15.3,10.6,24.7,2.7,0.9,12.8,23.6,,4.1,2.6,6.7,.161,,2.8,1.2,4.0,3.0,drexlcl01
101,Kevin Duckworth,C,31,MIL,8,58,-2.7,.270,.000,.429,4.2,10.8,7.4,4.8,1.8,0.0,10.7,14.7,,-0.2,0.0,-0.1,-0.110,,-13.2,-2.1,-15.3,-0.2,duckwke01
102,Chris Dudley,C,30,POR,80,1924,12.2,.473,.003,.439,14.2,28.4,21.3,2.8,1.1,3.9,15.6,11.5,,0.6,4.0,4.7,.117,,-2.7,1.5,-1.3,0.4,dudlech02
103,Joe Dumars*,PG,32,DET,67,2193,13.7,.579,.498,.329,1.6,5.8,3.8,20.4,1.1,0.1,12.4,17.0,,4.3,1.7,6.0,.131,,1.7,-0.5,1.1,1.7,dumarjo01
104,Richard Dumas,PF,26,PHI,39,739,11.3,.515,.044,.345,6.4,9.2,7.7,10.3,3.0,0.6,17.3,17.1,,0.0,0.4,0.3,.021,,-3.1,0.2,-2.9,-0.2,dumasri02
105,Tony Dumas,SG,23,DAL,67,1284,15.2,.505,.316,.392,4.4,5.1,4.7,13.5,1.6,0.7,9.1,27.4,,1.2,0.4,1.6,.060,,0.3,-1.9,-1.6,0.1,dumasto01
106,Ledell Eackles,SG,29,WSB,55,1238,12.5,.553,.340,.313,4.3,9.7,7.0,10.2,1.2,0.2,11.7,17.6,,1.6,0.8,2.4,.094,,0.3,-1.0,-0.7,0.4,eacklle01
107,Acie Earl,C,25,TOR,42,655,14.1,.484,.011,.413,9.2,14.3,11.7,6.9,1.4,4.3,13.1,25.2,,-0.1,0.4,0.3,.020,,-3.1,-2.0,-5.1,-0.5,earlac01
108,Tyus Edney,PG,22,SAC,80,2481,12.7,.505,.195,.341,2.9,6.5,4.7,31.5,1.8,0.1,18.4,18.5,,2.0,1.2,3.3,.064,,-0.5,-1.3,-1.8,0.1,edneyty01
109,Blue Edwards,SF,30,VAN,82,2773,11.9,.498,.256,.218,4.0,10.9,7.3,13.8,2.2,1.3,14.0,20.0,,-0.7,2.5,1.9,.032,,-2.0,0.0,-1.9,0.1,edwarbl01
110,Doug Edwards,PF,25,VAN,31,519,7.5,.432,.044,.418,7.6,12.2,9.8,11.8,1.0,2.6,21.2,12.0,,-0.3,0.4,0.1,.005,,-4.3,0.2,-4.0,-0.3,edwardo01
111,James Edwards,C,40,CHI,28,274,3.5,.403,.000,.236,6.4,10.6,8.5,5.9,0.2,2.2,14.7,22.9,,-0.5,0.4,-0.2,-0.028,,-10.2,-2.0,-12.2,-0.7,edwarja01
112,Kevin Edwards,SG,30,NJN,34,1007,9.8,.461,.267,.215,1.5,6.8,4.1,12.1,2.8,0.5,13.7,21.5,,-0.6,1.1,0.5,.022,,-2.8,0.7,-2.1,0.0,edwarke01
113,Craig Ehlo,SG,34,ATL,79,1758,13.7,.526,.374,.174,4.2,13.4,8.6,12.8,2.6,0.4,14.0,18.9,,1.5,1.8,3.3,.090,,-0.3,0.4,0.2,1.0,ehlocr01
114,Howard Eisley,PG,23,UTA,65,961,9.3,.520,.256,.318,2.9,7.0,5.0,22.3,1.6,0.3,21.8,16.8,,0.2,0.7,1.0,.048,,-3.0,-0.4,-3.4,-0.3,eisleho01
115,Mario Elie,SF,32,HOU,45,1385,14.6,.612,.356,.322,3.9,8.6,6.3,15.4,1.7,0.6,12.6,15.1,,2.8,1.0,3.8,.133,,0.9,0.4,1.3,1.2,eliema01
116,Sean Elliott,SF,27,SAS,77,2901,16.3,.585,.348,.375,2.8,12.1,7.6,11.8,1.2,0.8,13.1,23.4,,4.1,3.6,7.7,.128,,1.9,-0.2,1.7,2.7,elliose01
117,Dale Ellis,SF,35,DEN,81,2626,14.7,.580,.380,.187,3.9,10.0,6.9,9.1,1.1,0.2,8.6,19.3,,4.7,1.5,6.2,.114,,1.5,-0.9,0.6,1.7,ellisda01
118,LaPhonso Ellis,SF,25,DEN,45,1269,12.1,.474,.051,.343,8.4,20.9,14.7,9.6,1.5,1.9,14.3,20.4,,-0.5,1.5,1.0,.039,,-3.2,0.1,-3.1,-0.3,ellisla01
119,LeRon Ellis,C,26,MIA,12,74,1.6,.264,.000,.273,8.1,4.6,6.3,8.1,1.4,3.2,10.9,17.0,,-0.2,0.1,-0.1,-0.081,,-7.5,-1.3,-8.8,-0.1,ellisle02
120,Pervis Ellison,C,28,BOS,69,1431,13.1,.527,.000,.397,11.5,24.1,17.7,6.3,1.4,4.8,19.5,12.9,,0.6,1.9,2.6,.086,,-2.5,1.2,-1.3,0.3,ellispe01
121,Vincenzo Esposito,PG,26,TOR,30,282,5.2,.495,.560,.390,1.7,5.1,3.4,12.5,1.3,0.0,25.0,24.4,,-0.6,0.0,-0.6,-0.106,,-5.0,-4.4,-9.5,-0.5,esposvi01
122,Patrick Ewing*,C,33,NYK,76,2783,20.9,.516,.019,.317,6.9,26.9,17.1,11.2,1.3,5.1,11.8,31.5,,0.6,6.1,6.8,.116,,0.3,1.3,1.6,2.5,ewingpa01
123,Duane Ferrell,SF,30,IND,54,591,10.9,.529,.048,.343,7.0,12.5,9.8,8.2,2.1,0.4,15.1,17.5,,0.3,0.6,1.0,.077,,-2.4,0.3,-2.1,0.0,ferredu01
124,Danny Ferry,PF,29,CLE,82,2680,14.2,.557,.395,.146,3.5,12.0,7.7,13.2,1.2,1.2,11.1,20.7,,3.2,2.3,5.5,.098,,0.6,-0.7,-0.1,1.3,ferryda01
125,Michael Finley,SF,22,PHO,82,3212,14.0,.551,.191,.331,5.1,8.3,6.7,13.9,1.4,0.7,10.6,17.3,,5.0,1.3,6.3,.095,,0.6,-0.8,-0.2,1.5,finlemi01
126,Matt Fish,C,26,TOT,18,134,16.5,.586,.000,.528,8.7,9.5,9.1,10.2,1.2,3.8,6.3,15.9,,0.3,0.1,0.4,.154,,-0.1,1.1,1.0,0.1,fishma01
126,Matt Fish,C,26,NYK,2,17,27.4,.575,.000,.100,21.5,0.0,10.4,14.6,0.0,4.5,0.0,28.6,,0.1,0.0,0.1,.220,,4.5,-1.8,2.7,0.0,fishma01
126,Matt Fish,C,26,DEN,16,117,14.9,.590,.000,.692,6.9,10.9,8.9,9.5,1.3,3.7,8.1,14.1,,0.2,0.1,0.4,.144,,-0.8,1.5,0.7,0.1,fishma01
127,Vern Fleming,PG,33,NJN,77,1747,11.3,.490,.053,.338,3.0,7.8,5.4,24.6,1.2,0.2,16.9,18.1,,0.5,1.1,1.6,.044,,-2.1,-0.9,-2.9,-0.4,flemive01
128,Sherell Ford,SF,23,SEA,28,139,16.4,.474,.313,.425,10.7,9.7,10.2,6.5,2.9,0.6,5.9,32.4,,0.1,0.2,0.4,.124,,-3.8,-1.5,-5.2,-0.1,fordsh01
129,Greg Foster,C,27,UTA,73,803,9.0,.501,.033,.295,8.3,18.6,13.6,4.7,0.5,2.3,17.4,19.0,,-0.3,0.9,0.6,.035,,-4.5,-1.2,-5.6,-0.7,fostegr01
130,Rick Fox,SF,26,BOS,81,2588,16.1,.547,.293,.274,6.7,13.0,9.7,22.6,2.2,1.1,17.2,20.9,,3.0,2.2,5.1,.095,,1.2,0.2,1.3,2.2,foxri01
131,Kevin Gamble,SF,30,TOT,65,1325,8.4,.482,.301,.127,1.9,7.9,5.0,12.1,1.4,0.5,9.7,15.1,,0.5,1.3,1.8,.064,,-2.9,0.4,-2.5,-0.2,gamblke01
131,Kevin Gamble,SF,30,MIA,44,1033,8.8,.486,.306,.128,1.6,7.9,4.8,12.8,1.6,0.4,9.3,15.2,,0.5,1.2,1.7,.079,,-2.8,0.8,-1.9,0.0,gamblke01
131,Kevin Gamble,SF,30,SAC,21,292,6.9,.469,.280,.122,2.8,8.0,5.4,9.8,0.7,0.8,11.3,14.7,,0.0,0.1,0.1,.011,,-3.1,-1.2,-4.4,-0.2,gamblke01
132,Kevin Garnett*,SF,19,MIN,80,2293,15.8,.522,.038,.203,9.1,17.0,13.1,10.6,1.9,4.4,12.1,17.6,,1.8,2.6,4.4,.092,,0.1,0.9,1.0,1.7,garneke01
133,Chris Gatling,PF,28,TOT,71,1427,19.9,.601,.002,.365,10.5,23.2,16.9,5.8,1.3,2.1,12.6,23.4,,2.7,2.0,4.6,.156,,0.5,-0.4,0.1,0.7,gatlich01
133,Chris Gatling,PF,28,GSW,47,862,17.0,.582,.003,.429,10.3,22.1,16.2,5.2,1.1,2.4,14.1,21.5,,1.2,0.9,2.1,.114,,-1.0,-1.1,-2.1,0.0,gatlich01
133,Chris Gatling,PF,28,MIA,24,565,24.4,.625,.000,.290,10.8,25.0,18.0,6.6,1.6,1.5,10.7,26.3,,1.5,1.1,2.6,.219,,2.8,0.6,3.4,0.8,gatlich01
134,Kenny Gattison,PF,31,VAN,25,570,10.7,.510,.000,.411,7.0,16.8,11.7,4.6,0.9,1.5,15.1,21.2,,-0.3,0.5,0.1,.012,,-4.1,-1.4,-5.5,-0.5,gattike01
135,Matt Geiger,C,26,CHH,77,2349,14.2,.573,.012,.308,10.2,23.6,16.8,4.1,1.0,2.0,15.3,17.2,,2.4,1.9,4.3,.088,,-1.8,-1.1,-2.9,-0.5,geigema01
136,Kendall Gill,SG,27,TOT,47,1683,15.5,.545,.151,.336,5.0,11.6,8.2,24.6,2.0,1.1,17.9,19.5,,2.1,1.1,3.2,.091,,0.9,0.5,1.4,1.4,gillke01
136,Kendall Gill,SG,27,CHH,36,1265,15.3,.548,.145,.315,5.3,13.0,9.1,27.8,1.7,1.3,20.6,19.1,,1.3,0.7,2.0,.077,,1.1,0.2,1.3,1.1,gillke01
136,Kendall Gill,SG,27,NJN,11,418,16.2,.539,.164,.388,4.1,7.3,5.7,14.9,2.8,0.4,10.6,20.8,,0.7,0.4,1.2,.133,,0.3,1.4,1.6,0.4,gillke01
137,Armen Gilliam,SF,31,NJN,78,2856,17.6,.522,.001,.288,9.1,18.6,13.7,9.4,1.3,1.4,11.4,23.7,,3.3,3.4,6.7,.113,,1.2,-0.4,0.8,1.9,gilliar01
138,Gerald Glass,SF,28,TOT,15,71,10.4,.389,.182,.030,9.2,3.3,6.4,10.3,2.2,1.1,0.0,20.7,,0.0,0.1,0.1,.047,,-1.6,-0.2,-1.9,0.0,glassge01
138,Gerald Glass,SF,28,NJN,10,56,11.0,.375,.179,.000,9.6,2.0,5.9,13.1,1.9,1.4,0.0,21.8,,0.0,0.0,0.0,.037,,-0.2,-0.2,-0.4,0.0,glassge01
138,Gerald Glass,SF,28,CHH,5,15,8.4,.460,.200,.200,7.9,8.3,8.1,0.0,3.5,0.0,0.0,16.4,,0.0,0.0,0.0,.087,,-7.1,-0.4,-7.5,0.0,glassge01
139,Anthony Goldwire,PG,24,CHH,42,621,10.4,.536,.439,.317,1.5,7.0,4.2,27.4,1.4,0.0,22.6,20.3,,0.2,0.1,0.3,.021,,-1.8,-2.5,-4.3,-0.3,goldwan01
140,Greg Graham,SG,25,TOT,53,613,11.1,.538,.425,.352,3.0,7.5,5.2,14.3,2.1,0.1,17.1,19.3,,0.3,0.4,0.8,.060,,-1.9,-0.4,-2.4,-0.1,grahagr01
140,Greg Graham,SG,25,PHI,8,128,13.1,.709,.438,.531,4.4,9.3,6.8,14.9,2.0,0.0,30.1,19.7,,0.1,0.0,0.1,.048,,-0.9,-0.7,-1.6,0.0,grahagr01
140,Greg Graham,SG,25,NJN,45,485,10.6,.502,.422,.317,2.7,7.0,4.8,14.1,2.2,0.2,13.7,19.1,,0.2,0.4,0.6,.063,,-2.2,-0.3,-2.6,-0.1,grahagr01
141,Ron Grandison,PF,31,TOT,28,311,8.5,.471,.241,.431,7.7,13.0,10.4,6.2,2.0,0.5,14.8,11.9,,0.0,0.4,0.5,.076,,-2.8,0.8,-2.0,0.0,grandro01
141,Ron Grandison,PF,31,MIA,18,235,6.2,.454,.333,.487,7.1,10.7,8.9,6.3,1.8,0.3,18.8,11.3,,-0.1,0.3,0.2,.049,,-3.6,0.6,-3.0,0.0,grandro01
141,Ron Grandison,PF,31,ATL,4,19,13.2,.500,.250,.000,6.0,32.4,18.7,8.1,0.0,0.0,0.0,9.5,,0.0,0.0,0.0,.125,,0.6,-1.2,-0.6,0.0,grandro01
141,Ron Grandison,PF,31,NYK,6,57,16.6,.510,.000,.400,10.7,16.2,13.5,5.5,3.7,1.3,5.4,15.2,,0.1,0.1,0.2,.170,,-0.5,2.1,1.7,0.1,grandro01
142,Brian Grant,PF,23,SAC,78,2398,15.8,.560,.020,.425,8.4,17.9,13.2,9.2,0.9,3.2,15.6,21.7,,2.4,2.3,4.7,.094,,-0.6,-0.3,-0.9,0.6,grantbr01
143,Gary Grant,PG,30,NYK,47,596,13.5,.562,.133,.320,2.5,7.7,5.2,19.0,3.5,0.4,17.9,19.7,,0.4,1.0,1.4,.110,,-2.6,2.3,-0.4,0.2,grantga01
144,Greg Grant,PG,29,TOT,31,527,7.7,.408,.343,.061,1.5,6.0,3.7,27.4,2.2,0.3,22.8,11.2,,-0.2,0.2,0.0,.003,,-4.0,0.0,-4.0,-0.3,grantgr01
144,Greg Grant,PG,29,PHI,11,280,9.5,.444,.375,.125,1.2,7.6,4.3,33.3,2.2,0.5,22.9,10.5,,0.1,0.1,0.1,.026,,-3.6,-0.2,-3.8,-0.1,grantgr01
144,Greg Grant,PG,29,WSB,10,138,7.5,.429,.357,.000,0.9,4.2,2.6,22.9,3.0,0.0,26.3,12.3,,-0.1,0.1,0.0,.002,,-3.3,1.1,-2.2,0.0,grantgr01
144,Greg Grant,PG,29,DEN,10,109,3.1,.304,.261,.000,3.2,4.3,3.7,18.3,1.0,0.0,17.9,11.5,,-0.2,0.0,-0.1,-0.053,,-5.7,-1.2,-6.9,-0.1,grantgr01
145,Harvey Grant,PF,30,POR,76,2394,10.4,.487,.099,.162,5.6,11.6,8.6,7.3,1.3,1.3,10.1,14.8,,0.9,3.1,4.0,.081,,-1.9,1.0,-0.9,0.6,grantha01
146,Horace Grant,PF,30,ORL,63,2286,17.9,.551,.009,.306,9.3,20.0,14.8,11.4,1.4,2.4,7.7,16.5,,5.0,3.1,8.0,.169,,1.7,0.6,2.3,2.5,grantho01
147,A.C. Green,SF,32,PHO,82,2113,12.9,.558,.117,.534,9.2,20.9,15.2,4.9,1.1,0.8,12.6,13.2,,2.7,1.7,4.4,.100,,-0.4,-0.9,-1.3,0.4,greenac01
148,Tom Gugliotta,PF,26,MIN,78,2835,16.9,.540,.086,.373,7.4,21.7,14.6,14.4,2.5,2.6,16.7,21.9,,1.5,3.7,5.3,.089,,0.0,1.0,1.0,2.1,guglito01
149,Jack Haley,C,32,CHI,1,7,1.8,.363,.000,.333,16.7,16.6,16.6,0.0,0.0,0.0,12.7,49.6,,0.0,0.0,0.0,-0.228,,-14.2,-8.2,-22.4,0.0,haleyja01
150,Thomas Hamilton,C,20,BOS,11,70,4.3,.321,.000,.581,15.6,19.7,17.6,2.1,0.0,9.0,18.8,29.5,,-0.4,0.1,-0.3,-0.213,,-11.3,-3.4,-14.7,-0.2,hamilth01
151,Geert Hammink,C,26,TOT,6,17,10.5,.565,.000,1.750,14.0,13.5,13.7,0.0,0.0,0.0,22.0,23.8,,0.0,0.0,0.0,.017,,-2.5,-3.8,-6.4,0.0,hammige01
151,Geert Hammink,C,26,ORL,3,7,9.1,.532,.000,2.000,34.1,16.3,25.0,0.0,0.0,0.0,34.7,37.2,,0.0,0.0,0.0,-0.150,,-7.5,-7.3,-14.9,0.0,hammige01
151,Geert Hammink,C,26,GSW,3,10,11.4,.602,.000,1.500,0.0,11.6,5.8,0.0,0.0,0.0,0.0,14.5,,0.0,0.0,0.0,.134,,0.9,-1.4,-0.4,0.0,hammige01
152,Tom Hammonds,PF,28,DEN,71,1045,11.2,.537,.000,.429,9.4,15.3,12.3,3.5,1.1,0.9,13.1,15.7,,0.9,0.9,1.8,.081,,-2.8,-0.9,-3.8,-0.5,hammoto01
153,Darrin Hancock,SF,24,CHH,63,838,10.0,.553,.014,.341,5.7,8.6,7.1,8.7,1.8,0.4,18.5,16.3,,0.2,0.3,0.5,.028,,-2.9,-0.9,-3.8,-0.4,hancoda01
154,Anfernee Hardaway,PG,24,ORL,82,3015,24.6,.605,.233,.477,5.1,8.5,6.8,32.2,2.9,1.0,13.5,25.5,,11.0,3.4,14.4,.229,,6.2,1.0,7.2,6.9,hardaan01
155,Tim Hardaway*,PG,29,TOT,80,2534,18.7,.540,.382,.307,1.6,8.8,5.2,42.8,2.7,0.5,17.3,23.8,,4.7,2.6,7.3,.139,,3.3,-0.1,3.1,3.3,hardati01
155,Tim Hardaway*,PG,29,GSW,52,1487,18.5,.536,.383,.300,1.7,8.5,5.1,40.2,2.6,0.5,15.4,23.8,,3.0,1.0,3.9,.127,,3.3,-0.8,2.5,1.7,hardati01
155,Tim Hardaway*,PG,29,MIA,28,1047,19.1,.548,.381,.319,1.5,9.2,5.5,46.4,2.9,0.4,20.0,23.9,,1.8,1.6,3.4,.154,,3.2,0.8,4.0,1.6,hardati01
156,Derek Harper,PG,34,NYK,82,2893,13.9,.558,.346,.219,1.3,6.8,4.1,20.1,2.4,0.1,14.7,19.4,,2.6,3.7,6.3,.105,,-0.2,0.7,0.5,1.8,harpede01
157,Ron Harper,PG,32,CHI,80,1886,14.4,.528,.208,.277,4.6,8.6,6.6,15.5,2.9,1.3,11.5,14.9,,3.0,3.3,6.3,.161,,0.0,2.6,2.6,2.2,harpero01
158,Lucious Harris,SG,25,DAL,61,1016,15.5,.553,.315,.219,3.9,9.2,6.3,12.9,1.7,0.2,9.6,19.7,,1.8,0.4,2.1,.101,,0.9,-0.7,0.2,0.6,harrilu01
159,Antonio Harvey,PF,25,TOT,55,821,8.9,.392,.009,.371,9.8,19.5,14.5,2.9,1.7,4.3,14.4,16.7,,-1.3,1.0,-0.3,-0.020,,-4.8,-0.9,-5.7,-0.8,harvean01
159,Antonio Harvey,PF,25,VAN,18,410,9.7,.430,.021,.453,7.5,19.9,13.4,3.6,1.8,3.9,13.6,14.7,,-0.4,0.6,0.1,.016,,-3.9,0.0,-3.9,-0.2,harvean01
159,Antonio Harvey,PF,25,LAC,37,411,8.2,.362,.000,.310,12.1,19.1,15.5,2.1,1.6,4.7,15.1,18.7,,-0.9,0.4,-0.5,-0.055,,-5.7,-1.8,-7.5,-0.6,harvean01
160,Hersey Hawkins,SG,29,SEA,82,2823,16.1,.603,.406,.304,3.8,8.4,6.2,12.5,2.7,0.4,13.4,19.4,,5.3,4.2,9.5,.161,,1.9,0.9,2.8,3.4,hawkihe01
161,Alvin Heggs,SF,28,HOU,4,14,20.7,.633,.000,.600,8.3,7.9,8.1,0.0,0.0,0.0,0.0,20.3,,0.1,0.0,0.1,.196,,3.2,-2.4,0.8,0.0,heggsal01
162,Alan Henderson,PF,23,ATL,79,1416,12.9,.482,.007,.461,13.2,16.7,14.9,5.8,1.7,2.4,14.3,19.3,,0.5,1.6,2.0,.069,,-3.2,-0.9,-4.1,-0.8,hendeal01
163,Carl Herrera,PF,29,SAS,44,393,4.7,.407,.010,.175,8.9,13.9,11.5,5.9,1.2,1.5,21.7,15.3,,-0.7,0.5,-0.2,-0.020,,-7.1,-0.1,-7.2,-0.5,herreca01
164,Sean Higgins,SF,27,PHI,44,916,10.4,.517,.399,.115,2.5,9.3,5.8,10.7,1.4,0.9,12.6,18.9,,0.2,0.1,0.3,.014,,-1.9,-1.7,-3.6,-0.4,higgise01
165,Grant Hill*,SF,23,DET,80,3260,20.9,.537,.021,.529,4.9,23.4,14.5,31.4,1.7,1.2,14.9,25.9,,6.0,5.7,11.7,.172,,3.1,1.7,4.8,5.6,hillgr01
166,Tyrone Hill,PF,27,CLE,44,929,14.6,.544,.000,.531,13.2,21.9,17.5,6.4,1.9,1.9,17.0,20.5,,0.6,1.4,1.9,.101,,-3.6,-0.7,-4.3,-0.5,hillty01
167,Donald Hodge,C,26,TOT,15,115,5.9,.375,.000,.000,7.5,14.1,10.6,4.9,0.4,4.8,7.7,9.4,,0.0,0.1,0.1,.026,,-7.4,0.9,-6.5,-0.1,hodgedo01
167,Donald Hodge,C,26,DAL,13,113,5.8,.375,.000,.000,7.7,13.2,10.2,5.0,0.4,4.9,7.7,9.6,,0.0,0.1,0.1,.025,,-7.5,0.9,-6.6,-0.1,hodgedo01
167,Donald Hodge,C,26,CHH,2,2,8.0,,,,0.0,62.0,30.3,0.0,0.0,0.0,,0.0,,0.0,0.0,0.0,.076,,-1.1,-0.1,-1.2,0.0,hodgedo01
168,Fred Hoiberg,SG,23,IND,15,85,14.4,.594,.158,.947,6.1,7.1,6.6,14.3,3.8,0.9,20.6,18.3,,0.1,0.1,0.2,.138,,-0.3,3.1,2.8,0.1,hoibefr01
169,Jeff Hornacek,SG,32,UTA,82,2588,19.1,.619,.253,.330,3.0,6.8,5.0,21.2,2.2,0.6,11.2,20.1,,7.9,2.4,10.2,.190,,3.8,0.5,4.4,4.2,hornaje01
170,Robert Horry,SF,25,HOU,71,2634,13.7,.537,.530,.195,4.3,13.2,8.9,16.1,2.3,2.9,16.8,16.3,,1.5,3.4,4.9,.089,,0.7,1.6,2.3,2.8,horryro01
171,Allan Houston,SG,24,DET,82,3072,15.7,.576,.359,.291,2.2,9.3,5.9,15.5,1.1,0.4,14.2,25.4,,4.2,3.0,7.1,.112,,1.9,-0.9,1.0,2.3,houstal01
172,Byron Houston,PF,26,SAC,25,276,13.1,.570,.047,.406,13.0,22.3,17.6,4.0,2.4,1.9,18.4,14.7,,0.3,0.4,0.7,.117,,-3.1,0.4,-2.8,-0.1,houstby01
173,Juwan Howard,PF,22,WSB,81,3294,17.0,.530,.009,.284,6.9,16.5,11.8,18.7,1.0,0.8,15.2,27.0,,2.5,3.1,5.6,.082,,0.6,-1.0,-0.4,1.3,howarju01
174,Lindsey Hunter,PG,25,DET,80,2138,11.2,.499,.460,.191,2.6,8.2,5.5,14.7,2.2,0.7,10.5,17.0,,1.3,2.6,3.9,.089,,-0.8,1.1,0.3,1.2,hunteli01
175,Bobby Hurley,PG,24,SAC,72,1059,6.5,.411,.330,.370,1.3,6.9,4.1,29.5,1.4,0.2,24.3,14.7,,-0.7,0.4,-0.3,-0.013,,-4.1,-1.8,-5.9,-1.0,hurlebo01
176,Jaren Jackson,SG,28,HOU,4,33,1.5,.323,.625,1.250,0.0,10.1,5.1,0.0,1.6,0.0,0.0,16.9,,-0.1,0.0,0.0,-0.049,,-10.2,-2.0,-12.2,-0.1,jacksja01
177,Jim Jackson,SG,25,DAL,82,2820,16.6,.538,.255,.320,5.9,9.7,7.6,14.3,0.8,0.5,11.3,24.9,,4.8,0.6,5.4,.092,,1.8,-2.1,-0.3,1.2,jacksji01
178,Mark Jackson,PG,30,IND,81,2643,15.9,.568,.238,.305,3.2,11.0,7.3,37.4,2.0,0.2,22.1,15.8,,4.6,2.6,7.2,.130,,2.5,0.2,2.7,3.1,jacksma01
179,Henry James,PF,30,HOU,7,58,9.9,.573,.625,.208,6.0,5.7,5.9,5.7,0.0,0.0,13.2,23.4,,0.1,0.0,0.1,.058,,-2.2,-2.6,-4.8,0.0,jameshe01
180,Avery Johnson,PG,30,SAS,82,3084,16.3,.534,.035,.295,1.4,5.9,3.7,39.1,2.0,0.5,16.3,17.5,,5.6,3.5,9.1,.141,,1.4,0.3,1.7,2.9,johnsav01
181,Darryl Johnson,PG,30,CLE,11,28,9.7,.466,.083,.167,9.3,0.0,4.8,6.9,0.0,0.0,7.2,25.0,,0.0,0.0,0.0,.010,,-4.2,-4.2,-8.4,0.0,johnsda02
182,Eddie Johnson,SF,36,IND,62,1002,13.1,.505,.294,.181,5.8,13.0,9.5,12.0,1.1,0.3,10.6,24.1,,0.8,0.8,1.6,.077,,0.2,-1.4,-1.2,0.2,johnsed03
183,Ervin Johnson,C,28,SEA,81,1519,13.1,.547,.009,.361,10.5,22.6,16.8,4.8,1.3,6.7,19.4,14.9,,0.5,3.4,3.9,.123,,-3.2,2.1,-1.1,0.4,johnser02
184,Kevin Johnson,PG,29,PHO,56,2007,22.8,.617,.085,.591,2.5,10.2,6.4,41.5,2.1,0.5,16.7,22.6,,6.9,1.3,8.2,.195,,4.5,0.3,4.7,3.4,johnske02
185,Larry Johnson,PF,26,CHH,81,3274,19.8,.563,.149,.460,9.0,16.4,12.7,18.0,0.9,1.0,11.0,22.9,,8.8,1.3,10.1,.149,,3.9,-1.1,2.8,3.9,johnsla02
186,Magic Johnson*,PF,36,LAL,32,958,21.1,.612,.197,.684,5.0,17.0,11.1,34.1,1.4,1.0,21.2,22.7,,2.6,1.1,3.6,.181,,4.7,0.5,5.2,1.8,johnsma02
187,Charles Jones,PF,38,HOU,46,297,8.1,.324,.000,.684,10.9,17.1,14.1,5.3,0.9,5.8,10.8,4.2,,0.2,0.4,0.6,.090,,-3.8,1.6,-2.2,0.0,jonesch01
188,Eddie Jones,SG,24,LAL,70,2184,17.0,.583,.331,.269,2.4,9.8,6.2,17.0,3.1,1.4,11.4,17.8,,4.1,2.7,6.8,.150,,1.4,1.9,3.3,2.9,jonesed02
189,Popeye Jones,PF,25,DAL,68,2322,13.4,.486,.053,.181,10.8,23.6,16.6,8.8,1.2,0.8,12.1,16.2,,1.7,1.9,3.7,.076,,-1.9,-0.8,-2.7,-0.4,jonespo01
190,Michael Jordan*,SG,32,CHI,82,3090,29.4,.582,.141,.355,5.6,14.9,10.2,21.2,3.1,1.0,8.4,33.3,,14.2,6.2,20.4,.317,,8.3,2.2,10.5,9.8,jordami01
191,Reggie Jordan,PG,28,ATL,24,247,17.1,.536,.000,.535,10.6,14.5,12.4,19.2,2.6,2.2,17.8,19.4,,0.3,0.3,0.6,.118,,0.3,1.1,1.4,0.2,jordare01
192,Adam Keefe,PF,25,UTA,82,1708,13.8,.574,.012,.581,13.0,19.5,16.3,5.5,1.6,2.0,16.8,14.0,,2.3,2.3,4.6,.130,,-0.5,0.0,-0.6,0.6,keefead01
193,Shawn Kemp,PF,26,SEA,79,2631,22.6,.631,.013,.709,13.0,26.9,20.3,11.5,1.8,3.8,20.4,26.2,,5.2,6.1,11.2,.205,,1.5,1.3,2.8,3.2,kempsh01
194,Tim Kempton,PF,32,ATL,3,11,-6.2,,,,0.0,22.4,10.7,12.0,0.0,0.0,100.0,4.1,,0.0,0.0,0.0,-0.060,,-16.0,2.6,-13.3,0.0,kemptti01
195,Steve Kerr,PG,30,CHI,82,1919,15.2,.663,.492,.174,1.5,5.2,3.3,14.1,1.7,0.1,7.5,12.9,,6.0,2.3,8.3,.208,,2.4,1.0,3.4,2.6,kerrst01
196,Jerome Kersey,SF,33,GSW,76,1620,13.1,.452,.034,.294,10.8,15.0,12.9,10.9,2.9,2.0,11.7,17.2,,0.6,1.8,2.4,.071,,-1.8,1.0,-0.9,0.5,kerseje01
197,Randolph Keys,SF,29,MIL,69,816,10.8,.511,.341,.207,6.0,12.8,9.4,12.0,2.1,1.3,12.7,14.6,,0.7,0.6,1.2,.072,,-2.0,0.7,-1.3,0.1,keysra01
198,Jason Kidd*,PG,22,DAL,81,3034,17.8,.468,.306,.256,6.5,13.3,9.6,41.5,2.9,0.6,18.6,24.3,,1.7,2.6,4.3,.068,,2.3,-0.3,2.0,3.0,kiddja01
199,Chris King,SF,26,VAN,80,1930,10.8,.492,.193,.232,6.0,11.5,8.7,9.5,1.9,1.3,13.8,17.7,,-0.5,1.6,1.1,.028,,-2.1,-0.3,-2.5,-0.2,kingch01
200,Frankie King,PG,23,LAL,6,20,0.7,.284,.091,.273,5.9,5.7,5.8,15.0,5.2,0.0,14.0,32.1,,-0.1,0.0,-0.1,-0.234,,-13.1,-1.4,-14.5,-0.1,kingfr01
201,Jimmy King,SG,22,TOR,62,868,9.9,.483,.133,.302,5.9,9.2,7.6,15.6,1.2,1.1,17.2,17.7,,-0.1,0.1,0.0,.000,,-2.7,-2.1,-4.8,-0.6,kingji02
202,Stacey King,PF,29,MIA,15,156,2.0,.481,.000,.222,6.9,10.2,8.6,2.1,2.4,1.0,31.3,16.8,,-0.4,0.2,-0.2,-0.054,,-9.6,1.4,-8.3,-0.2,kingst01
203,Joe Kleine,C,34,PHO,56,663,6.8,.456,.041,.148,6.4,16.5,11.5,9.7,1.0,0.7,17.1,14.6,,-0.3,0.4,0.1,.007,,-5.4,-0.8,-6.1,-0.7,kleinjo01
204,Jon Koncak,C,32,ORL,67,1288,7.1,.507,.051,.326,5.8,18.5,12.3,5.3,1.1,2.5,17.0,8.5,,0.3,1.6,2.0,.073,,-4.8,1.2,-3.5,-0.5,koncajo01
205,Toni Kukoč*,SF,27,CHI,81,2103,20.4,.589,.274,.339,6.4,11.5,8.9,21.0,1.6,1.0,11.2,21.4,,6.9,3.2,10.1,.231,,4.6,0.9,5.4,4.0,kukocto01
206,Christian Laettner,C,26,TOT,74,2495,17.7,.563,.043,.437,8.6,17.2,12.8,13.7,1.5,2.2,14.7,22.6,,3.9,2.4,6.2,.120,,0.7,-0.1,0.6,1.6,laettch01
206,Christian Laettner,C,26,MIN,44,1518,18.0,.566,.053,.457,7.7,16.1,11.9,15.0,1.4,2.2,13.8,23.7,,2.5,1.2,3.7,.116,,1.5,-0.3,1.2,1.2,laettch01
206,Christian Laettner,C,26,ATL,30,977,17.2,.556,.025,.400,10.0,18.9,14.3,11.7,1.7,2.2,16.4,21.0,,1.4,1.2,2.5,.125,,-0.6,0.2,-0.3,0.4,laettch01
207,Andrew Lang,C,29,TOT,71,2365,11.9,.484,.006,.197,7.5,15.6,11.4,4.6,0.9,4.1,12.6,18.6,,0.1,2.3,2.3,.047,,-3.0,-0.4,-3.4,-0.8,langan01
207,Andrew Lang,C,29,ATL,51,1815,12.4,.490,.005,.191,6.9,15.1,10.9,5.7,1.0,3.6,12.3,18.9,,0.4,1.8,2.2,.058,,-2.5,-0.4,-2.9,-0.4,langan01
207,Andrew Lang,C,29,MIN,20,550,10.1,.466,.012,.222,9.1,17.2,13.2,0.9,0.7,5.7,13.8,17.5,,-0.4,0.5,0.2,.013,,-4.4,-0.5,-4.9,-0.4,langan01
208,Antonio Lang,SF,23,CLE,41,367,11.5,.594,.026,.610,6.1,13.3,9.6,5.6,2.2,2.9,19.7,16.7,,0.2,0.5,0.7,.090,,-4.8,1.3,-3.5,-0.1,langan02
209,Eric Leckner,C,29,DET,18,155,8.8,.634,.000,.448,6.5,19.5,13.3,1.1,0.7,2.0,24.1,14.1,,0.0,0.2,0.2,.075,,-5.3,0.1,-5.2,-0.1,leckner01
210,Tim Legler,SG,29,WSB,77,1775,15.9,.688,.533,.333,2.0,7.2,4.6,11.3,1.3,0.5,7.9,14.4,,5.7,1.1,6.8,.184,,3.1,0.1,3.2,2.3,legleti01
211,Voshon Lenard,SG,22,MIA,30,323,15.9,.550,.716,.305,4.4,14.1,9.4,16.9,1.0,0.2,12.6,25.7,,0.5,0.4,0.9,.135,,3.2,-0.7,2.5,0.4,lenarvo01
212,Cedric Lewis,C,26,WSB,3,4,62.7,.667,.000,.000,60.0,0.0,29.4,0.0,12.8,0.0,0.0,33.5,,0.0,0.0,0.1,.613,,23.7,1.9,25.6,0.0,lewisce01
213,Martin Lewis,SF,20,TOR,16,189,11.2,.528,.117,.417,9.4,8.9,9.1,2.5,2.2,1.2,16.5,19.8,,0.0,0.1,0.0,.011,,-3.3,-2.8,-6.1,-0.2,lewisma01
214,Alton Lister,C,37,TOT,64,735,9.6,.537,.000,.610,10.1,33.6,21.5,3.6,0.4,4.0,26.5,10.7,,-0.1,1.0,0.9,.060,,-5.0,0.8,-4.2,-0.4,listeal01
214,Alton Lister,C,37,MIL,7,88,7.4,.506,.000,.222,9.6,31.2,20.2,6.3,0.0,2.6,28.8,7.2,,0.0,0.1,0.1,.049,,-5.8,0.9,-4.9,-0.1,listeal01
214,Alton Lister,C,37,BOS,57,647,9.9,.539,.000,.646,10.1,33.9,21.7,3.2,0.5,4.2,26.3,11.1,,-0.1,0.9,0.8,.061,,-4.9,0.8,-4.1,-0.3,listeal01
215,Brad Lohaus,PF,31,TOT,55,598,10.6,.556,.697,.029,1.4,10.6,6.1,11.2,0.9,2.1,10.1,15.1,,0.5,0.7,1.3,.101,,-0.1,1.0,0.9,0.4,lohaubr01
215,Brad Lohaus,PF,31,SAS,32,273,11.0,.550,.677,.031,2.1,11.0,6.7,9.5,0.4,1.8,8.5,17.5,,0.3,0.3,0.5,.096,,0.0,0.2,0.2,0.2,lohaubr01
215,Brad Lohaus,PF,31,NYK,23,325,10.2,.563,.722,.025,0.8,10.3,5.6,12.6,1.3,2.4,12.1,13.0,,0.3,0.4,0.7,.104,,-0.2,1.6,1.5,0.3,lohaubr01
216,Grant Long,PF,29,ATL,82,3008,16.2,.546,.103,.402,9.4,22.1,15.5,9.7,1.9,0.9,13.7,17.1,,4.7,3.8,8.4,.134,,0.6,0.2,0.7,2.1,longgr01
217,Luc Longley,C,27,CHI,62,1641,11.9,.515,.000,.205,7.4,15.2,11.3,10.6,0.7,3.9,17.2,17.8,,0.7,2.8,3.5,.101,,-2.9,1.3,-1.6,0.2,longllu01
218,George Lynch,SF,25,LAL,76,1012,11.4,.474,.048,.294,9.6,14.3,12.0,7.2,2.4,0.7,11.5,15.4,,0.4,1.3,1.7,.080,,-2.2,0.1,-2.1,0.0,lynchge01
219,Sam Mack,SF,25,HOU,31,868,13.1,.545,.470,.160,2.4,10.2,6.4,14.3,1.3,0.7,8.4,17.4,,1.2,0.6,1.9,.103,,-0.4,-1.2,-1.6,0.1,macksa01
220,Don MacLean,SF,26,DEN,56,1107,15.7,.493,.090,.362,6.5,15.0,10.7,14.7,1.0,0.3,9.7,28.3,,0.7,0.8,1.5,.064,,0.2,-1.5,-1.3,0.2,macledo01
221,Mark Macon,PG,26,DET,23,287,9.5,.515,.224,.164,4.4,4.9,4.6,9.2,2.9,0.0,11.1,13.4,,0.2,0.4,0.5,.092,,-3.0,2.2,-0.9,0.1,maconma01
222,Rick Mahorn,C,37,NJN,50,450,7.5,.421,.008,.385,7.4,19.8,13.4,5.7,1.6,2.2,17.4,16.8,,-0.5,0.6,0.1,.011,,-6.1,0.5,-5.6,-0.4,mahorri01
223,Dan Majerle,SF,30,CLE,82,2367,15.1,.530,.553,.226,3.9,13.4,8.6,15.9,2.0,1.3,10.2,19.5,,3.0,2.6,5.5,.112,,1.7,0.2,1.9,2.3,majerda01
224,Jeff Malone,SG,34,TOT,32,510,8.8,.449,.083,.166,1.8,7.4,4.5,9.0,1.6,0.0,9.6,20.1,,-0.3,0.1,-0.2,-0.022,,-4.2,-1.3,-5.5,-0.4,malonje01
224,Jeff Malone,SG,34,PHI,25,407,9.0,.452,.100,.163,2.2,7.0,4.5,8.4,1.7,0.0,10.0,20.9,,-0.3,0.0,-0.3,-0.036,,-3.9,-2.0,-5.9,-0.4,malonje01
224,Jeff Malone,SG,34,MIA,7,103,8.0,.435,.000,.182,0.0,8.8,4.5,11.2,1.5,0.0,7.8,17.0,,0.0,0.1,0.1,.034,,-5.1,1.5,-3.6,0.0,malonje01
225,Karl Malone*,PF,32,UTA,82,3113,26.0,.575,.026,.466,7.1,24.2,15.8,20.6,2.4,1.5,9.8,29.8,,9.9,5.3,15.1,.233,,5.6,1.4,7.0,7.1,malonka01
226,Danny Manning,PF,29,PHO,33,816,14.7,.506,.036,.281,4.3,15.8,10.1,13.9,2.4,2.2,15.0,28.0,,-0.5,0.9,0.4,.026,,-2.8,0.1,-2.6,-0.1,mannida01
227,Rich Manning,PF,25,VAN,29,311,7.6,.449,.009,.124,5.8,15.2,10.4,4.2,0.5,1.5,12.5,20.0,,-0.4,0.2,-0.2,-0.035,,-6.0,-2.0,-8.0,-0.5,manniri01
228,Šarūnas Marčiulionis*,SG,31,SAC,53,1039,16.7,.599,.404,.514,2.2,6.4,4.3,19.5,2.6,0.3,16.8,24.2,,1.9,0.7,2.6,.120,,1.6,-0.3,1.3,0.9,marcisa01
229,Donny Marshall,SF,23,CLE,34,208,10.5,.462,.441,.515,5.7,11.1,8.3,5.8,2.2,0.9,7.7,22.0,,0.0,0.2,0.2,.051,,-3.9,-1.3,-5.2,-0.2,marshdo02
230,Donyell Marshall,SF,22,GSW,62,934,12.7,.488,.299,.264,7.9,18.4,13.1,8.2,1.2,2.4,12.0,18.6,,0.5,0.8,1.3,.065,,-0.9,-0.8,-1.7,0.1,marshdo01
231,Cuonzo Martin,SG,24,VAN,4,19,20.6,.765,.600,.400,6.0,6.4,6.2,19.5,2.8,0.0,14.5,16.5,,0.1,0.0,0.1,.170,,7.3,1.8,9.2,0.1,marticu01
232,Darrick Martin,PG,24,TOT,59,1149,11.7,.500,.191,.331,1.6,6.9,4.2,31.1,2.4,0.2,20.5,20.3,,-0.2,0.7,0.5,.023,,-2.3,-0.9,-3.1,-0.3,martida01
232,Darrick Martin,PG,24,VAN,24,402,14.3,.532,.168,.351,3.7,7.6,5.5,27.6,3.5,0.2,19.7,21.4,,0.1,0.4,0.5,.059,,-1.9,0.6,-1.4,0.1,martida01
232,Darrick Martin,PG,24,MIN,35,747,10.3,.482,.203,.320,0.5,6.6,3.5,32.9,1.8,0.2,21.0,19.8,,-0.2,0.3,0.1,.003,,-2.4,-1.6,-4.1,-0.4,martida01
233,Jamal Mashburn,SF,23,DAL,18,669,14.4,.478,.266,.347,5.3,10.3,7.6,13.2,1.1,0.3,11.1,30.9,,0.0,0.2,0.2,.014,,1.0,-2.5,-1.5,0.1,mashbja01
234,Anthony Mason,SF,29,NYK,82,3457,15.8,.610,.000,.519,7.8,18.1,13.1,16.7,1.1,0.8,17.7,16.1,,6.3,5.0,11.3,.157,,1.0,0.9,1.9,3.4,masonan01
235,Tony Massenburg,PF,28,TOT,54,1463,13.0,.538,.007,.363,10.0,18.3,14.1,3.4,1.0,1.0,12.7,17.4,,1.2,0.6,1.7,.057,,-1.9,-2.1,-4.0,-0.7,masseto01
235,Tony Massenburg,PF,28,TOR,24,659,12.9,.541,.000,.332,9.4,20.7,15.0,4.4,1.0,1.0,13.5,17.4,,0.5,0.3,0.8,.057,,-1.9,-1.7,-3.6,-0.3,masseto01
235,Tony Massenburg,PF,28,PHI,30,804,13.1,.535,.013,.390,10.5,16.4,13.4,2.6,1.0,1.0,12.1,17.5,,0.7,0.2,0.9,.056,,-1.9,-2.4,-4.3,-0.5,masseto01
236,Vernon Maxwell,PG,30,PHI,75,2467,13.9,.508,.437,.316,1.8,9.1,5.4,24.7,2.0,0.4,15.2,25.6,,0.4,0.5,0.9,.018,,0.0,-1.7,-1.7,0.2,maxweve01
237,Lee Mayberry,PG,25,MIL,82,1705,11.2,.536,.519,.187,1.5,5.1,3.2,26.1,2.0,0.5,18.4,13.0,,1.7,0.5,2.1,.060,,-0.4,-0.5,-0.9,0.5,maybele01
238,Bob McCann,PF,31,WSB,62,653,9.1,.507,.013,.484,8.5,17.1,12.9,5.3,1.6,1.6,18.5,15.6,,-0.2,0.8,0.6,.044,,-4.7,0.2,-4.5,-0.4,mccanbo01
239,George McCloud,SF,28,DAL,79,2846,15.9,.543,.529,.175,3.9,10.6,7.0,12.5,2.0,0.9,10.7,22.6,,4.2,1.6,5.8,.098,,1.9,-0.6,1.4,2.4,mccloge01
240,Clint McDaniel,SG,23,SAC,12,71,15.6,.499,.261,.696,4.9,11.5,8.2,15.4,3.6,0.0,6.2,19.8,,0.1,0.1,0.2,.151,,-0.5,2.2,1.7,0.1,mcdancl01
241,Antonio McDyess,PF,21,DEN,76,2280,15.6,.516,.005,.276,11.6,17.4,14.5,5.8,1.2,3.6,13.5,22.4,,0.9,2.7,3.6,.075,,-1.4,-0.5,-1.9,0.0,mcdyean01
242,Jim McIlvaine,C,23,WSB,80,1195,9.7,.476,.000,.724,6.6,15.8,11.3,1.2,0.9,9.9,15.8,8.5,,-0.1,1.9,1.8,.074,,-3.9,3.1,-0.8,0.4,mcilvji01
243,Derrick McKey,SF,29,IND,75,2440,14.2,.543,.096,.310,6.5,11.8,9.2,17.5,1.8,1.4,15.0,17.9,,3.1,2.6,5.7,.112,,0.7,1.2,1.9,2.4,mckeyde01
244,Aaron McKie,SG,23,POR,81,2259,13.4,.534,.162,.276,4.4,10.9,7.7,14.6,2.1,0.7,14.3,18.3,,2.1,3.2,5.3,.113,,-1.3,1.7,0.4,1.4,mckieaa01
245,Nate McMillan,PG,31,SEA,55,1261,12.9,.537,.508,.172,4.0,15.1,9.8,22.5,3.9,1.1,22.7,11.7,,1.0,2.7,3.7,.141,,-0.4,4.2,3.7,1.8,mcmilna01
246,Loren Meyer,C,23,DAL,72,1266,9.4,.484,.033,.309,8.7,18.6,13.2,6.7,0.8,1.8,15.2,14.5,,0.2,0.8,1.1,.041,,-5.2,-0.7,-5.9,-1.3,meyerlo01
247,Anthony Miller,PF,24,LAL,27,123,7.8,.457,.057,.286,10.6,13.0,11.8,4.7,1.7,0.6,16.9,17.3,,-0.1,0.1,0.0,.014,,-5.2,-1.4,-6.6,-0.1,millean01
248,Oliver Miller,PF,25,TOR,76,2516,16.2,.550,.014,.278,8.3,18.3,13.3,14.2,2.2,4.3,18.5,19.2,,1.3,2.4,3.8,.072,,-0.9,0.9,0.0,1.2,milleol01
249,Reggie Miller*,SG,30,IND,76,2621,20.1,.625,.385,.467,1.9,8.1,5.1,17.2,1.6,0.4,12.8,25.8,,8.3,2.0,10.3,.188,,5.1,-0.4,4.7,4.5,millere01
250,Chris Mills,SF,26,CLE,80,3060,15.2,.554,.216,.271,4.8,14.6,9.6,11.2,1.4,1.5,10.0,19.9,,4.7,3.1,7.8,.122,,0.1,-0.2,-0.1,1.5,millsch01
251,Terry Mills,PF,28,DET,82,1656,15.2,.517,.307,.233,8.2,17.2,12.9,11.0,1.4,1.0,11.6,24.3,,1.3,2.4,3.7,.106,,0.3,-0.3,0.0,0.8,millste01
252,Harold Miner,SG,24,CLE,19,136,7.6,.528,.192,.250,3.8,8.0,5.9,11.2,0.0,0.0,19.5,26.6,,-0.1,0.0,-0.1,-0.029,,-5.8,-3.3,-9.1,-0.2,minerha01
253,Greg Minor,SG,24,BOS,78,1761,14.0,.535,.042,.203,5.8,10.7,8.2,13.5,1.0,0.4,10.1,18.9,,2.3,0.7,3.0,.082,,-0.3,-1.3,-1.6,0.2,minorgr01
254,Sam Mitchell,SF,32,MIN,78,2145,13.0,.566,.029,.471,6.0,12.9,9.5,5.7,1.2,0.9,10.4,17.2,,3.1,1.1,4.3,.095,,-1.2,-1.0,-2.2,-0.1,mitchsa01
255,Eric Mobley,C,25,TOT,39,676,9.4,.533,.014,.630,9.1,15.5,12.2,5.6,1.1,2.7,22.1,15.3,,-0.4,0.6,0.2,.015,,-4.7,-0.4,-5.1,-0.5,mobleer01
255,Eric Mobley,C,25,MIL,5,65,3.9,.342,.000,.571,5.6,17.3,11.3,0.0,0.8,1.2,10.2,6.9,,0.0,0.0,0.0,-0.010,,-4.8,-1.1,-6.0,-0.1,mobleer01
255,Eric Mobley,C,25,VAN,34,611,10.0,.543,.015,.634,9.5,15.3,12.3,6.2,1.1,2.8,22.6,16.2,,-0.4,0.6,0.2,.017,,-4.7,-0.3,-5.0,-0.5,mobleer01
256,Eric Montross,C,24,BOS,61,1432,10.6,.546,.000,.384,9.1,18.7,13.8,4.6,0.7,1.4,17.0,14.7,,0.3,1.0,1.3,.044,,-2.9,-1.1,-4.0,-0.7,montrer01
257,Tracy Moore,SG,30,HOU,8,190,12.4,.539,.395,.250,6.1,7.0,6.6,5.1,0.5,0.0,8.7,21.9,,0.2,0.1,0.3,.076,,-0.6,-3.8,-4.4,-0.1,mooretr01
258,Chris Morris,SG,30,UTA,66,1424,15.8,.522,.325,.210,8.8,10.8,9.9,8.9,2.4,1.2,9.7,23.6,,1.7,1.7,3.3,.112,,1.3,-0.5,0.8,1.0,morrich01
259,Lawrence Moten,SG,23,VAN,44,573,15.7,.520,.223,.304,7.1,5.3,6.2,17.4,2.7,1.1,13.6,25.8,,0.1,0.4,0.6,.047,,0.9,-0.3,0.6,0.4,motenla01
260,Alonzo Mourning*,C,25,MIA,70,2671,22.7,.584,.028,.662,9.7,21.7,15.9,11.4,1.4,5.5,15.9,28.1,,4.4,5.5,9.9,.178,,2.2,2.0,4.2,4.2,mournal01
261,Chris Mullin*,SF,32,GSW,55,1617,16.7,.602,.278,.297,3.1,8.3,5.7,19.8,2.4,1.4,16.7,19.7,,2.9,1.1,4.0,.117,,1.9,0.2,2.1,1.7,mullich01
262,Todd Mundt,C,25,TOT,33,151,7.0,.416,.000,.195,8.2,13.8,10.9,3.0,0.7,2.5,6.3,14.0,,0.0,0.1,0.1,.035,,-5.6,-1.5,-7.1,-0.2,mundtto01
262,Todd Mundt,C,25,ATL,24,118,8.0,.436,.000,.250,9.6,15.7,12.5,2.6,0.5,2.6,7.8,14.7,,0.0,0.1,0.1,.049,,-5.1,-1.6,-6.6,-0.1,mundtto01
262,Todd Mundt,C,25,BOS,9,33,3.7,.333,.000,.000,3.3,7.0,5.1,4.3,1.5,2.1,0.0,11.7,,0.0,0.0,0.0,-0.016,,-7.3,-1.2,-8.5,-0.1,mundtto01
263,Eric Murdock,PG,27,TOT,73,1673,16.2,.498,.247,.244,1.8,10.4,5.9,35.1,4.3,0.4,16.9,21.3,,0.4,2.2,2.5,.073,,-0.7,1.9,1.2,1.3,murdoer01
263,Eric Murdock,PG,27,MIL,9,193,10.4,.435,.348,.182,3.1,5.8,4.4,28.1,1.7,0.0,14.4,19.7,,0.0,0.0,0.0,.000,,-1.8,-1.1,-2.8,0.0,murdoer01
263,Eric Murdock,PG,27,VAN,64,1480,16.9,.505,.234,.251,1.6,11.0,6.1,36.0,4.6,0.5,17.2,21.6,,0.4,2.1,2.5,.082,,-0.5,2.3,1.8,1.4,murdoer01
264,Gheorghe Mureșan,C,24,WSB,76,2242,21.0,.600,.001,.348,13.3,24.7,19.1,4.2,1.2,5.5,13.4,21.2,,4.3,3.8,8.0,.172,,0.9,0.8,1.6,2.1,muresgh01
265,Lamond Murray,SF,22,LAC,77,1816,11.1,.513,.202,.230,5.8,10.6,8.1,7.1,1.7,1.0,14.6,18.2,,0.3,0.9,1.2,.032,,-1.4,-1.0,-2.4,-0.2,murrala01
266,Tracy Murray,SF,24,TOR,82,2458,16.8,.557,.328,.201,5.5,11.6,8.5,9.3,1.8,1.2,10.0,23.7,,4.0,0.9,4.9,.096,,2.0,-1.8,0.1,1.3,murratr01
267,Dikembe Mutombo*,C,29,DEN,74,2713,17.1,.562,.002,.622,10.6,26.6,18.6,6.1,0.7,8.8,17.1,14.4,,2.6,5.0,7.6,.134,,-0.7,2.8,2.1,2.8,mutomdi01
268,Pete Myers,SG,32,TOT,71,1092,8.4,.459,.235,.494,3.8,11.4,7.6,20.1,1.6,1.2,21.2,15.9,,-0.5,1.1,0.6,.026,,-3.4,0.5,-2.8,-0.2,myerspe01
268,Pete Myers,SG,32,MIA,39,639,8.9,.476,.263,.475,3.9,9.3,6.7,23.8,1.2,1.3,22.5,17.7,,-0.3,0.7,0.5,.035,,-2.9,0.2,-2.7,-0.1,myerspe01
268,Pete Myers,SG,32,CHH,32,453,7.8,.429,.184,.529,3.7,14.5,9.0,14.8,2.3,1.0,18.9,13.2,,-0.2,0.3,0.1,.013,,-4.1,1.0,-3.1,-0.1,myerspe01
269,Howard Nathan,PG,24,ATL,5,15,11.3,.604,.111,.444,0.0,0.0,0.0,31.5,10.7,0.0,42.6,56.2,,-0.2,0.0,-0.1,-0.370,,-11.7,-0.5,-12.2,0.0,nathaho01
270,Johnny Newman,SG,32,MIL,82,2690,11.5,.592,.250,.357,3.0,6.2,4.6,8.8,1.8,0.4,12.6,14.6,,3.7,0.7,4.4,.079,,-1.2,-0.1,-1.4,0.4,newmajo01
271,Ken Norman,SF,31,ATL,34,770,13.4,.517,.308,.176,5.9,14.7,10.1,13.8,1.0,1.6,13.5,19.9,,0.5,0.6,1.1,.069,,0.0,-1.1,-1.0,0.2,normake01
272,Ed O'Bannon,SG,23,NJN,64,1253,9.2,.446,.140,.270,5.6,9.3,7.4,8.4,1.9,0.7,12.2,17.8,,-0.5,1.1,0.7,.026,,-3.4,0.0,-3.4,-0.4,obanned01
273,Shaquille O'Neal*,C,23,ORL,54,1946,26.4,.570,.002,.495,11.1,24.2,17.8,15.9,0.9,4.4,11.0,32.8,,3.9,3.0,6.9,.171,,3.5,0.2,3.7,2.8,onealsh01
274,Dan O'Sullivan,C,27,TOR,5,139,8.4,.428,.029,.229,11.1,16.4,13.7,2.1,0.7,2.2,11.5,13.8,,0.0,0.0,0.0,.008,,-4.5,-3.6,-8.1,-0.2,osullda01
275,Charles Oakley,PF,32,NYK,53,1775,15.1,.559,.058,.469,11.1,19.3,15.3,12.1,1.7,0.6,16.1,16.9,,2.6,3.0,5.6,.150,,-0.1,1.0,0.9,1.3,oaklech01
276,Hakeem Olajuwon*,C,33,HOU,72,2797,25.5,.558,.009,.367,7.3,24.0,15.9,18.3,2.1,5.3,12.5,31.9,,4.5,5.2,9.7,.166,,2.8,2.0,4.9,4.9,olajuha01
277,Greg Ostertag,C,22,UTA,57,661,13.2,.505,.000,.297,10.9,21.3,16.2,1.1,0.4,7.9,10.8,16.0,,0.4,1.1,1.4,.104,,-2.6,0.5,-2.1,0.0,ostergr01
278,Bo Outlaw,PF,24,LAC,80,985,15.6,.556,.016,.871,10.4,14.0,12.2,7.4,2.3,6.9,14.9,13.7,,1.0,1.2,2.3,.111,,-0.8,2.4,1.6,0.9,outlabo01
279,Doug Overton,PG,26,DEN,55,607,9.9,.450,.146,.309,1.5,10.5,6.0,27.0,1.1,0.6,16.5,17.8,,-0.1,0.4,0.2,.020,,-2.5,-0.8,-3.3,-0.2,overtdo01
280,Billy Owens,SF,26,TOT,62,1982,14.2,.517,.027,.367,8.5,15.5,12.1,17.8,1.3,1.5,17.3,21.5,,0.7,2.5,3.2,.077,,-0.2,0.5,0.3,1.2,owensbi01
280,Billy Owens,SF,26,MIA,40,1388,14.8,.536,.013,.374,8.1,15.7,12.0,17.2,1.1,1.2,17.0,21.7,,0.8,2.0,2.7,.095,,0.2,0.6,0.8,1.0,owensbi01
280,Billy Owens,SF,26,SAC,22,594,12.8,.472,.060,.350,9.5,14.9,12.2,19.3,1.6,2.0,18.1,20.8,,-0.1,0.6,0.4,.035,,-1.0,0.1,-0.9,0.2,owensbi01
281,Robert Pack,PG,26,WSB,31,1084,19.3,.534,.221,.410,3.2,11.0,7.2,35.3,2.9,0.1,17.9,26.3,,1.5,1.2,2.7,.121,,2.4,-0.4,2.0,1.1,packro01
282,Robert Parish*,C,42,CHH,74,1086,13.0,.533,.000,.295,9.7,24.4,16.9,4.0,1.0,3.7,15.5,13.4,,0.7,1.0,1.7,.074,,-1.0,-0.1,-1.1,0.2,parisro01
283,Cherokee Parks,C,23,DAL,64,869,10.9,.456,.105,.251,7.3,19.9,13.0,5.0,1.4,2.6,10.2,14.6,,0.1,0.8,0.9,.050,,-3.8,-0.2,-3.9,-0.4,parksch02
284,Gary Payton*,PG,27,SEA,81,3162,19.6,.554,.234,.240,4.1,8.4,6.3,33.3,3.7,0.5,15.6,23.6,,5.9,5.6,11.5,.174,,2.8,1.8,4.6,5.2,paytoga01
285,Anthony Peeler,SG,26,LAL,73,1608,14.1,.555,.422,.143,3.3,6.5,5.0,11.3,1.9,0.4,8.0,19.4,,2.5,1.2,3.7,.110,,0.7,-0.6,0.1,0.9,peelean01
286,Mike Peplowski,C,25,TOT,7,17,9.8,.554,.000,.600,7.1,22.0,14.4,11.3,3.1,9.1,24.0,22.4,,0.0,0.0,0.0,.036,,-12.4,4.9,-7.4,0.0,peplomi01
286,Mike Peplowski,C,25,WSB,2,5,-12.5,,,,0.0,0.0,0.0,0.0,0.0,0.0,,0.0,,0.0,0.0,0.0,.010,,-18.0,-0.3,-18.3,0.0,peplomi01
286,Mike Peplowski,C,25,MIL,5,12,19.2,.554,.000,.600,10.0,31.2,20.4,16.1,4.4,12.8,24.0,31.7,,0.0,0.0,0.0,.048,,-10.0,7.1,-2.9,0.0,peplomi01
287,Will Perdue,C,30,SAS,80,1396,13.7,.535,.003,.378,14.5,23.8,19.3,3.5,1.0,3.8,18.2,15.2,,0.7,2.7,3.4,.118,,-2.3,0.6,-1.7,0.1,perduwi01
288,Sam Perkins,PF,34,SEA,82,2169,15.4,.537,.455,.302,5.8,13.8,10.0,8.9,2.0,1.8,8.3,20.3,,3.4,3.5,6.9,.153,,1.7,0.4,2.0,2.2,perkisa01
289,Elliot Perry,PG,26,PHO,81,1668,16.2,.549,.107,.353,2.4,7.0,4.7,33.3,2.7,0.2,18.7,20.8,,1.9,1.1,3.1,.088,,0.5,-0.6,-0.2,0.8,perryel01
290,Tim Perry,PF,30,TOT,30,254,12.0,.515,.123,.138,9.0,12.1,10.5,5.3,0.8,3.9,12.7,13.7,,0.1,0.2,0.3,.062,,-0.8,-0.1,-1.0,0.1,perryti01
290,Tim Perry,PF,30,PHI,8,87,9.1,.492,.056,.167,7.8,9.5,8.6,3.7,1.2,2.5,13.4,11.5,,0.0,0.0,0.0,.015,,-2.1,-0.9,-3.0,0.0,perryti01
290,Tim Perry,PF,30,NJN,22,167,13.5,.524,.149,.128,9.7,13.5,11.5,6.1,0.6,4.6,12.4,14.8,,0.1,0.2,0.3,.087,,-0.2,0.3,0.1,0.1,perryti01
291,Chuck Person,SF,31,SAS,80,2131,13.6,.581,.657,.148,4.1,16.9,10.8,7.2,1.2,0.9,10.8,17.8,,2.4,3.1,5.5,.125,,1.3,0.2,1.5,1.9,persoch01
292,Wesley Person,SG,24,PHO,82,2609,12.6,.543,.357,.219,2.5,11.6,7.1,8.2,1.1,0.6,8.5,17.9,,2.9,1.2,4.0,.074,,0.1,-1.2,-1.2,0.6,persowe01
293,Bobby Phills,SG,26,CLE,72,2530,16.8,.564,.255,.291,3.2,10.7,6.9,19.7,2.4,0.9,11.9,21.1,,4.5,2.7,7.1,.136,,1.1,0.6,1.7,2.3,phillbo01
294,Eric Piatkowski,SG,25,LAC,65,784,12.2,.541,.471,.339,6.0,9.8,7.9,9.2,1.6,1.0,13.9,18.4,,0.8,0.4,1.2,.071,,-0.3,-0.9,-1.2,0.2,piatker01
295,Ricky Pierce,SG,36,IND,76,1404,14.8,.542,.176,.347,3.7,8.3,6.0,12.7,2.2,0.3,12.0,25.3,,1.8,1.3,3.1,.107,,-0.7,0.1,-0.6,0.5,piercri01
296,Ed Pinckney,PF,32,TOT,74,1710,14.3,.578,.009,.534,12.8,18.8,15.8,6.4,1.9,1.2,15.7,12.7,,2.6,1.1,3.7,.105,,-0.5,-0.6,-1.1,0.4,pincked01
296,Ed Pinckney,PF,32,TOR,47,1031,14.6,.570,.013,.532,13.2,19.4,16.3,7.3,1.5,1.3,15.8,14.6,,1.6,0.6,2.2,.101,,-0.3,-1.0,-1.3,0.2,pincked01
296,Ed Pinckney,PF,32,PHI,27,679,13.9,.594,.000,.539,12.3,17.8,15.0,5.2,2.5,1.2,15.4,9.8,,1.0,0.5,1.6,.110,,-0.8,-0.1,-0.9,0.2,pincked01
297,Scottie Pippen*,SF,30,CHI,77,2825,21.0,.551,.330,.266,6.3,14.2,10.2,25.2,2.5,1.5,13.2,24.4,,7.0,5.3,12.3,.209,,4.6,1.7,6.3,5.9,pippesc01
298,Olden Polynice,C,31,SAC,81,2441,15.8,.543,.004,.248,12.1,24.1,18.1,4.1,1.1,2.0,12.3,18.6,,2.5,2.8,5.3,.105,,-0.4,-1.3,-1.7,0.2,polynol01
299,Terry Porter,PG,32,MIN,82,2072,15.4,.552,.372,.344,2.1,10.2,6.1,35.1,2.2,0.6,19.8,18.7,,2.3,1.3,3.7,.085,,1.1,-0.7,0.4,1.2,portete01
300,Brent Price,PG,27,WSB,81,2042,17.5,.655,.564,.358,2.2,10.7,6.6,29.7,2.0,0.1,19.8,16.9,,5.6,1.8,7.4,.174,,3.0,0.1,3.0,2.6,pricebr01
301,Mark Price,PG,31,WSB,7,127,10.3,.435,.500,.167,0.9,5.5,3.2,21.3,2.4,0.0,13.4,26.2,,-0.1,0.1,0.0,-0.011,,-1.4,-1.1,-2.5,0.0,pricema01
302,Kevin Pritchard,PG,28,WSB,2,22,25.6,.810,.333,1.000,0.0,10.5,5.3,44.3,4.7,0.0,0.0,8.8,,0.1,0.0,0.2,.384,,5.7,6.3,11.9,0.1,pritcke01
303,Theo Ratliff,C,22,DET,75,1305,14.0,.603,.004,.522,10.6,16.7,13.8,1.6,0.7,7.1,16.5,12.4,,1.6,2.2,3.8,.141,,-1.4,2.0,0.6,0.9,ratlith01
304,Dino Radja*,PF,28,BOS,53,1984,18.0,.536,.000,.323,6.2,23.7,14.7,7.2,1.2,2.9,10.7,23.6,,1.8,2.2,4.0,.096,,0.2,-0.5,-0.3,0.9,radjadi01
305,Eldridge Recasner,SG,28,HOU,63,1275,12.3,.562,.532,.184,2.8,9.8,6.4,20.2,0.9,0.3,13.6,15.8,,1.9,0.8,2.6,.099,,0.2,-0.9,-0.7,0.4,recasel01
306,Bryant Reeves,C,22,VAN,77,2460,13.4,.506,.003,.341,8.2,19.4,13.6,8.3,0.9,1.7,13.5,21.6,,0.0,2.3,2.3,.045,,-2.4,-1.2,-3.7,-1.0,reevebr01
307,Khalid Reeves,PG,23,TOT,51,833,11.1,.530,.401,.361,2.5,8.6,5.5,22.1,2.3,0.3,19.3,17.4,,0.5,0.6,1.1,.064,,-2.8,0.0,-2.9,-0.2,reevekh01
307,Khalid Reeves,PG,23,CHH,20,418,15.1,.577,.305,.432,3.1,8.6,5.8,26.4,2.0,0.2,17.6,18.4,,0.8,0.2,1.0,.111,,0.0,-0.6,-0.6,0.1,reevekh01
307,Khalid Reeves,PG,23,NJN,31,415,7.2,.477,.505,.284,1.8,8.7,5.2,17.7,2.7,0.4,21.2,16.4,,-0.3,0.5,0.1,.017,,-5.7,0.6,-5.1,-0.3,reevekh01
308,Don Reid,PF,22,DET,69,997,12.1,.595,.000,.412,9.8,14.6,12.3,1.8,2.6,3.2,15.7,12.5,,1.1,1.8,2.9,.141,,-3.3,2.6,-0.6,0.3,reiddo01
309,J.R. Reid,PF,27,TOT,65,1313,10.6,.552,.003,.438,6.6,15.4,11.2,5.0,1.7,1.0,17.0,16.2,,0.5,2.0,2.5,.091,,-3.9,0.6,-3.2,-0.4,reidjr01
309,J.R. Reid,PF,27,SAS,32,643,8.6,.514,.006,.530,6.3,14.7,10.7,3.2,2.0,1.1,19.5,17.6,,-0.4,1.0,0.6,.048,,-5.3,0.8,-4.6,-0.4,reidjr01
309,J.R. Reid,PF,27,NYK,33,670,12.6,.594,.000,.344,6.9,16.2,11.7,6.7,1.4,0.8,14.0,14.9,,0.9,1.0,1.8,.133,,-2.4,0.5,-1.9,0.0,reidjr01
310,Terrence Rencher,PG,22,TOT,36,405,6.5,.441,.290,.460,2.7,9.8,6.3,20.4,2.1,0.4,26.3,18.3,,-0.7,0.5,-0.2,-0.021,,-4.5,0.5,-4.0,-0.2,renchte01
310,Terrence Rencher,PG,22,MIA,34,397,6.5,.437,.293,.434,2.7,9.5,6.2,20.8,2.1,0.2,25.8,18.2,,-0.7,0.5,-0.1,-0.016,,-4.4,0.5,-3.9,-0.2,renchte01
310,Terrence Rencher,PG,22,PHO,2,8,4.4,.647,.000,3.000,0.0,28.5,14.5,0.0,0.0,9.3,46.3,24.0,,0.0,0.0,0.0,-0.225,,-6.0,0.4,-5.6,0.0,renchte01
311,Shawn Respert,SG,23,MIL,62,845,10.8,.488,.418,.144,4.0,6.8,5.4,12.7,2.0,0.4,11.9,19.1,,0.2,0.3,0.5,.027,,-1.0,-0.9,-1.9,0.0,respesh01
312,Jerry Reynolds,SF,33,MIL,19,191,11.2,.450,.189,.396,8.2,13.1,10.6,9.5,4.2,2.4,20.4,18.7,,-0.3,0.2,0.0,-0.002,,-2.3,2.7,0.4,0.1,reynoje01
313,Glen Rice,SF,28,CHH,79,3142,17.8,.584,.311,.294,3.3,11.5,7.3,12.6,1.5,0.5,10.0,23.4,,7.2,1.2,8.3,.127,,2.6,-1.2,1.4,2.7,ricegl01
314,Pooh Richardson,PG,29,LAC,63,2013,14.5,.517,.369,.158,2.1,7.5,4.7,25.9,2.0,0.5,11.8,17.8,,3.0,0.8,3.8,.091,,0.9,-0.9,0.0,1.0,richapo01
315,Mitch Richmond*,SG,30,SAC,81,2946,19.2,.591,.376,.359,2.1,8.5,5.3,15.9,2.2,0.5,12.2,26.9,,7.2,2.1,9.3,.151,,3.9,-0.4,3.5,4.1,richmmi01
316,Isaiah Rider,SG,24,MIN,75,2594,15.6,.550,.228,.245,4.6,9.7,7.1,15.3,0.9,0.7,13.1,26.3,,2.6,0.8,3.4,.063,,1.3,-2.2,-0.9,0.7,rideris01
317,Eric Riley,C,25,MIN,25,310,12.0,.533,.014,.378,12.4,17.0,14.7,2.5,1.3,3.9,16.5,14.8,,0.2,0.3,0.5,.071,,-3.2,-0.6,-3.8,-0.1,rileyer01
318,Doc Rivers,PG,34,SAS,78,1235,9.6,.489,.472,.221,2.8,9.4,6.2,14.1,3.0,1.2,15.2,13.7,,0.2,2.0,2.2,.087,,-2.9,3.1,0.2,0.7,riverdo01
319,Fred Roberts,C,35,LAL,33,317,14.1,.558,.144,.289,6.8,10.4,8.6,12.3,2.6,0.9,18.0,18.9,,0.2,0.4,0.6,.086,,-0.3,0.2,-0.1,0.1,roberfr01
320,Stanley Roberts,C,25,LAC,51,795,12.8,.491,.000,.438,6.2,18.5,12.2,8.4,1.0,3.7,11.7,23.0,,0.0,0.7,0.7,.040,,-4.4,-0.4,-4.8,-0.6,roberst01
321,Alvin Robertson,SG,33,TOR,77,2478,12.7,.531,.249,.260,5.3,11.2,8.2,19.7,3.5,1.1,21.3,15.3,,0.9,1.9,2.8,.054,,-1.9,1.2,-0.7,0.8,roberal01
322,Clifford Robinson,SF,29,POR,78,2980,16.3,.532,.361,.415,4.7,12.2,8.5,10.9,1.5,1.7,11.2,25.6,,3.9,4.2,8.0,.130,,1.7,0.4,2.1,3.0,robincl02
323,David Robinson*,C,30,SAS,82,3019,29.4,.589,.007,.597,12.3,24.2,18.4,14.6,1.9,6.4,9.8,28.8,,11.1,7.2,18.3,.290,,5.8,3.1,8.9,8.3,robinda01
324,Glenn Robinson,SF,23,MIL,82,3249,15.9,.534,.190,.281,5.0,14.1,9.5,15.7,1.6,1.0,15.4,25.8,,1.8,1.7,3.5,.052,,1.2,-1.2,0.0,1.6,robingl01
325,James Robinson,PG,25,POR,76,1627,10.6,.512,.495,.235,3.1,7.9,5.5,14.7,1.1,0.7,14.9,20.0,,0.6,1.7,2.3,.068,,-1.1,-0.3,-1.4,0.3,robinja02
326,Rumeal Robinson,PG,29,POR,43,715,11.8,.507,.357,.231,3.0,9.4,6.2,31.0,1.9,0.5,22.8,19.3,,0.1,0.9,1.0,.069,,-1.5,0.4,-1.1,0.2,robinru01
327,Dennis Rodman*,PF,34,CHI,64,2088,13.6,.501,.089,.349,19.9,33.2,26.6,10.0,0.9,1.0,28.2,10.3,,1.7,4.6,6.2,.143,,-0.3,0.3,0.0,1.1,rodmade01
328,Lou Roe,SF,23,DET,49,372,9.0,.432,.100,.356,10.1,15.0,12.7,6.5,1.5,1.7,14.0,15.5,,-0.1,0.5,0.4,.053,,-3.1,0.1,-3.0,-0.1,roelo01
329,Carlos Rogers,PF,24,TOR,56,1043,13.9,.536,.061,.378,9.1,10.3,9.7,5.5,1.2,3.5,13.2,19.5,,0.6,0.3,0.9,.042,,-1.0,-1.5,-2.5,-0.1,rogerca01
330,Rodney Rogers,SF,24,LAC,67,1950,13.5,.537,.239,.281,6.8,10.9,8.8,13.5,2.0,1.3,16.7,19.8,,1.1,1.2,2.3,.058,,-0.6,-0.5,-1.1,0.5,rogerro01
331,Sean Rooks,C,26,TOT,65,1117,13.4,.567,.025,.709,8.6,18.7,13.6,6.7,1.1,2.9,17.6,18.1,,0.8,1.0,1.8,.078,,-2.1,-0.4,-2.5,-0.1,rooksse01
331,Sean Rooks,C,26,MIN,49,902,13.3,.557,.026,.700,8.0,19.1,13.5,6.7,1.1,2.4,14.2,17.0,,0.9,0.8,1.7,.088,,-1.4,-0.4,-1.9,0.0,rooksse01
331,Sean Rooks,C,26,ATL,16,215,13.7,.605,.017,.741,11.1,17.2,14.0,6.9,1.0,5.0,28.7,22.6,,-0.1,0.3,0.2,.036,,-4.9,0.0,-4.9,-0.2,rooksse01
332,Jalen Rose,SG,23,DEN,80,2134,14.3,.553,.179,.459,2.5,11.6,7.0,37.4,1.3,1.3,24.4,20.1,,1.2,1.7,2.9,.065,,0.0,-0.6,-0.6,0.7,roseja01
333,Donald Royal,SF,29,ORL,64,963,12.7,.585,.009,.759,7.1,11.3,9.3,6.3,1.6,1.1,15.3,16.0,,1.4,0.9,2.3,.113,,-1.9,-0.6,-2.4,-0.1,royaldo01
334,Clifford Rozier,C,23,GSW,59,723,10.6,.578,.015,.407,11.2,16.1,13.6,4.6,1.4,3.0,20.1,12.0,,0.4,0.6,1.1,.072,,-3.3,0.3,-2.9,-0.2,roziecl01
335,Trevor Ruffin,PG,25,PHI,61,1551,14.8,.534,.438,.281,1.5,8.5,4.9,32.2,1.4,0.1,17.0,25.3,,1.2,0.0,1.2,.037,,0.9,-2.9,-2.0,0.0,ruffitr01
336,Stefano Rusconi,PF,27,PHO,7,30,2.4,.357,.000,.556,11.8,11.4,11.6,14.5,0.0,5.0,21.1,21.1,,-0.1,0.0,-0.1,-0.104,,-11.1,-0.3,-11.4,-0.1,ruscost01
337,Bryon Russell,SF,25,UTA,59,577,10.0,.507,.282,.472,6.1,12.8,9.6,7.2,2.7,1.2,17.4,16.5,,0.0,0.8,0.8,.064,,-2.4,0.8,-1.6,0.1,russebr01
338,Arvydas Sabonis*,C,31,POR,73,1735,24.7,.617,.144,.422,9.7,28.8,19.3,13.8,1.9,3.4,15.2,25.5,,4.5,3.9,8.4,.233,,3.7,2.9,6.7,3.8,sabonar01
339,John Salley,PF,31,TOT,42,673,10.0,.521,.000,.607,8.0,16.6,12.3,11.5,1.5,3.1,23.7,15.2,,0.0,0.7,0.6,.045,,-4.1,0.8,-3.3,-0.2,sallejo01
339,John Salley,PF,31,TOR,25,482,10.6,.558,.000,.619,6.4,17.6,12.0,12.0,1.2,1.9,22.6,15.8,,0.1,0.2,0.4,.038,,-3.5,-0.1,-3.6,-0.2,sallejo01
339,John Salley,PF,31,CHI,17,191,8.7,.411,.000,.571,12.2,14.0,13.1,10.2,2.2,6.0,26.8,13.8,,-0.2,0.4,0.2,.062,,-5.8,3.1,-2.8,0.0,sallejo01
340,Danny Schayes,C,36,MIA,32,399,8.1,.442,.000,.489,8.7,17.1,13.0,3.5,1.5,3.1,16.8,15.6,,-0.3,0.7,0.4,.049,,-5.1,0.9,-4.1,-0.2,schayda01
341,Steve Scheffler,C,28,SEA,35,181,10.3,.543,.111,.422,10.3,11.2,10.8,1.7,1.7,0.9,13.0,15.1,,0.1,0.3,0.4,.096,,-3.0,-0.9,-3.9,-0.1,schefst01
342,Dwayne Schintzius,C,27,IND,33,297,11.9,.465,.000,.191,10.0,22.4,16.4,8.0,1.6,3.2,13.7,21.4,,-0.1,0.5,0.3,.054,,-3.9,0.1,-3.8,-0.1,schindw01
343,Detlef Schrempf,SF,33,SEA,63,2200,17.3,.598,.242,.500,4.1,13.1,8.8,20.6,1.3,0.3,13.9,21.3,,5.3,2.9,8.2,.179,,2.5,-0.1,2.5,2.5,schrede01
344,Byron Scott,SG,34,VAN,80,1894,13.0,.523,.327,.359,2.4,9.8,5.9,11.7,1.8,0.9,11.3,21.3,,1.0,1.3,2.3,.059,,-0.8,-0.6,-1.3,0.3,scottby01
345,Dennis Scott,SF,27,ORL,82,3041,16.1,.589,.562,.199,2.5,9.2,5.9,12.4,1.5,0.7,9.1,19.9,,6.4,2.4,8.8,.138,,2.9,-0.6,2.3,3.3,scottde01
346,Malik Sealy,SF,25,LAC,62,1601,13.8,.484,.153,.281,5.6,12.5,9.0,11.6,2.7,1.3,13.3,23.7,,-0.2,1.4,1.2,.036,,-1.6,-0.2,-1.9,0.1,sealyma01
347,Rony Seikaly,C,30,GSW,64,1813,14.2,.561,.005,.496,10.4,21.4,15.8,6.4,1.1,2.8,20.6,20.9,,0.5,1.8,2.3,.061,,-2.5,-1.0,-3.4,-0.7,seikaro01
348,Brian Shaw,PG,29,ORL,75,1679,10.2,.463,.296,.235,4.1,11.3,7.8,28.7,1.8,0.5,24.4,19.1,,-1.0,1.6,0.6,.018,,-2.4,-0.7,-3.1,-0.4,shawbr01
349,Lionel Simmons,SF,27,SAC,54,810,11.6,.492,.235,.346,5.8,14.9,10.4,15.9,2.0,1.9,16.9,16.3,,0.2,0.8,1.1,.062,,-1.1,0.8,-0.3,0.3,simmoli01
350,Dickey Simpkins,PF,23,CHI,60,685,10.4,.533,.006,.606,11.2,15.3,13.3,7.7,0.7,0.9,21.6,16.7,,0.2,1.0,1.2,.084,,-2.9,-0.8,-3.7,-0.3,simpkdi01
351,Scott Skiles,PG,31,PHI,10,236,9.0,.513,.596,.175,0.5,7.5,3.9,25.8,1.5,0.0,20.7,14.7,,0.1,0.0,0.1,.014,,-2.2,-2.0,-4.2,-0.1,skilesc01
352,Reggie Slater,PF,25,TOT,11,72,9.5,.515,.000,.259,6.1,17.6,11.6,5.3,1.4,3.1,23.0,23.5,,-0.2,0.1,-0.1,-0.043,,-5.8,-0.5,-6.3,-0.1,slatere01
352,Reggie Slater,PF,25,POR,4,20,8.8,.600,.000,.000,0.0,17.0,8.5,0.0,2.6,7.5,37.5,17.5,,-0.1,0.0,0.0,-0.040,,-6.2,2.6,-3.6,0.0,slatere01
352,Reggie Slater,PF,25,DEN,4,26,17.2,.530,.000,.455,13.3,17.8,15.6,14.6,2.0,2.8,18.5,27.8,,0.0,0.0,0.0,.038,,-1.0,-0.2,-1.2,0.0,slatere01
352,Reggie Slater,PF,25,DAL,3,26,2.4,.463,.000,.182,3.7,17.7,10.1,0.0,0.0,0.0,20.2,23.8,,-0.1,0.0,-0.1,-0.126,,-10.3,-3.1,-13.4,-0.1,slatere01
353,Charles Smith,PG,28,MIN,8,39,-2.2,.276,.300,.200,0.0,15.3,7.7,22.8,1.3,0.0,31.5,18.0,,-0.2,0.0,-0.2,-0.212,,-13.3,-2.7,-15.9,-0.1,smithch02
354,Charles Smith,PF,30,TOT,73,1716,11.3,.469,.026,.282,9.2,14.8,12.1,6.0,1.5,3.5,14.0,20.2,,-1.0,2.9,1.9,.053,,-3.9,0.6,-3.4,-0.6,smithch01
354,Charles Smith,PF,30,NYK,41,890,9.1,.446,.051,.350,8.1,13.1,10.6,5.2,1.1,4.4,15.2,21.0,,-1.2,1.4,0.2,.013,,-5.2,0.6,-4.7,-0.6,smithch01
354,Charles Smith,PF,30,SAS,32,826,13.7,.493,.000,.211,10.4,16.6,13.6,6.8,2.0,2.5,12.7,19.4,,0.2,1.5,1.7,.096,,-2.5,0.6,-1.9,0.0,smithch01
355,Doug Smith,PF,26,BOS,17,92,4.2,.388,.000,.205,14.3,12.5,13.4,6.8,1.6,0.0,20.6,25.0,,-0.3,0.1,-0.2,-0.123,,-8.9,-3.3,-12.2,-0.2,smithdo03
356,Joe Smith,PF,20,GSW,82,2821,17.2,.523,.027,.383,12.1,17.2,14.6,4.6,1.5,3.4,10.3,20.6,,4.1,2.7,6.8,.116,,0.3,-1.0,-0.7,0.9,smithjo02
357,Kenny Smith,PG,30,HOU,68,1617,12.5,.568,.513,.228,1.5,5.1,3.4,23.2,1.5,0.1,16.4,17.0,,2.0,0.8,2.9,.085,,-0.3,-1.3,-1.6,0.2,smithke01
358,Michael Smith,PF,23,SAC,65,1384,14.2,.565,.004,.744,11.9,20.6,16.3,12.3,1.7,2.5,18.6,12.3,,1.4,1.7,3.1,.108,,-0.4,1.2,0.8,1.0,smithmi02
359,Steve Smith,SG,26,ATL,80,2856,16.6,.551,.370,.337,4.9,8.7,6.7,13.4,1.3,0.5,10.3,23.0,,6.4,1.5,7.9,.133,,2.3,-1.3,1.0,2.1,smithst01
360,Tony Smith,SG,27,TOT,59,938,11.7,.506,.423,.168,3.8,7.9,5.9,25.6,2.1,0.8,18.3,17.2,,0.4,0.9,1.3,.065,,-1.0,0.0,-1.0,0.2,smithto02
360,Tony Smith,SG,27,PHO,34,528,12.2,.499,.445,.214,5.3,6.9,6.1,24.7,2.0,0.7,17.4,19.3,,0.2,0.3,0.5,.045,,-0.2,-0.9,-1.1,0.1,smithto02
360,Tony Smith,SG,27,MIA,25,410,11.0,.519,.386,.089,1.7,9.2,5.5,26.7,2.1,1.0,19.9,14.5,,0.2,0.6,0.8,.091,,-2.1,1.2,-0.9,0.1,smithto02
361,Rik Smits,C,29,IND,63,1901,19.0,.569,.006,.328,8.1,20.0,14.2,11.4,0.6,1.9,13.5,28.6,,2.9,2.1,5.0,.127,,1.0,-0.5,0.5,1.2,smitsri01
362,Eric Snow,PG,22,SEA,43,389,10.7,.473,.100,.490,2.9,9.9,6.5,28.2,3.7,0.0,23.8,18.3,,-0.2,0.7,0.5,.061,,-4.0,1.6,-2.4,0.0,snower01
363,Elmore Spencer,C,26,TOT,17,58,2.3,.448,.000,.462,5.9,19.7,12.8,2.7,0.0,2.6,27.7,16.4,,-0.1,0.1,-0.1,-0.056,,-9.7,-0.3,-10.0,-0.1,spencel01
363,Elmore Spencer,C,26,DEN,6,21,-11.2,.000,.000,.000,5.5,16.6,11.0,0.0,0.0,0.0,75.0,8.5,,-0.1,0.0,-0.1,-0.209,,-17.7,-1.5,-19.2,-0.1,spencel01
363,Elmore Spencer,C,26,POR,11,37,10.0,.478,.000,.500,6.2,21.5,13.9,4.3,0.0,4.0,17.0,20.9,,0.0,0.1,0.0,.032,,-5.2,0.4,-4.8,0.0,spencel01
364,Felton Spencer,C,28,UTA,71,1267,10.4,.570,.000,.537,9.9,19.4,14.8,1.3,0.8,3.6,18.1,15.3,,0.7,1.7,2.4,.089,,-4.3,-0.2,-4.5,-0.8,spencfe01
365,Latrell Sprewell,SG,25,GSW,78,3064,15.9,.527,.235,.371,4.6,9.7,7.1,17.7,2.1,1.1,13.7,23.0,,3.6,1.9,5.5,.086,,1.3,-0.6,0.7,2.1,sprewla01
366,Jerry Stackhouse,SG,21,PHI,72,2701,14.8,.525,.268,.475,3.7,7.7,5.7,19.0,1.5,2.1,16.0,26.0,,0.8,0.4,1.2,.021,,0.7,-1.7,-1.0,0.7,stackje01
367,John Starks,SG,30,NYK,81,2491,14.2,.555,.468,.206,1.5,9.5,5.6,20.8,2.2,0.3,14.5,20.2,,2.3,3.4,5.7,.110,,0.2,0.8,1.0,1.9,starkjo01
368,Bryant Stith,SG,25,DEN,82,2810,13.9,.519,.162,.416,5.1,11.3,8.2,13.8,2.1,0.4,12.7,19.6,,2.7,2.5,5.2,.089,,-0.8,0.2,-0.6,1.0,stithbr01
369,John Stockton*,PG,33,UTA,82,2915,21.9,.642,.275,.345,2.3,7.1,4.8,49.1,2.6,0.4,20.7,18.7,,10.1,2.9,13.0,.214,,6.0,0.7,6.8,6.4,stockjo01
370,Damon Stoudamire,PG,22,TOR,70,2865,16.7,.528,.298,.262,2.4,9.3,5.8,37.4,1.8,0.5,17.5,23.5,,3.7,0.6,4.3,.072,,2.5,-2.4,0.1,1.6,stoudda01
371,Rod Strickland,PG,29,POR,67,2526,19.1,.519,.109,.413,4.0,9.3,6.7,43.4,2.0,0.5,17.4,25.4,,3.8,3.3,7.1,.136,,2.9,0.3,3.1,3.2,stricro02
372,Derek Strong,PF,27,LAL,63,746,12.4,.518,.053,.503,9.6,18.1,13.9,6.0,1.3,1.1,8.8,13.6,,1.1,0.8,1.9,.125,,-1.3,-0.5,-1.8,0.0,stronde01
373,Bob Sura,SG,22,CLE,79,1150,15.0,.500,.217,.392,3.9,11.9,7.8,35.7,2.8,1.6,21.4,23.6,,0.2,1.5,1.6,.069,,-0.7,0.8,0.1,0.6,surabo01
374,Greg Sutton,PG,28,TOT,48,655,10.6,.531,.539,.212,1.4,7.7,4.5,25.7,2.0,0.2,20.7,20.5,,0.1,0.1,0.2,.016,,-2.0,-1.7,-3.6,-0.3,suttogr01
374,Greg Sutton,PG,28,CHH,18,190,11.0,.531,.420,.380,2.5,7.2,4.8,30.3,2.2,0.0,22.6,17.9,,0.2,0.1,0.2,.059,,-2.3,-0.7,-3.0,-0.1,suttogr01
374,Greg Sutton,PG,28,PHI,30,465,10.5,.531,.575,.162,1.0,7.9,4.3,23.8,1.9,0.3,20.1,21.5,,-0.1,0.1,0.0,-0.002,,-1.8,-2.1,-3.9,-0.2,suttogr01
375,Larry Sykes,PF,22,BOS,1,2,0.0,,,,54.7,57.4,56.0,0.0,0.0,0.0,100.0,21.5,,0.0,0.0,0.0,-0.397,,-10.9,-6.9,-17.7,0.0,sykesla01
376,Žan Tabak,C,25,TOR,67,1332,12.4,.554,.002,.275,10.4,18.3,14.3,7.6,0.9,1.8,17.9,18.7,,0.4,0.6,1.1,.038,,-3.0,-1.5,-4.6,-0.9,tabakza01
377,Kurt Thomas,PF,23,MIA,74,1655,13.5,.533,.004,.325,8.8,21.8,15.5,4.9,1.5,1.7,13.5,19.9,,0.8,3.0,3.8,.110,,-2.6,0.8,-1.8,0.1,thomaku01
378,Brooks Thompson,PG,25,ORL,33,246,16.9,.609,.621,.262,1.9,9.3,5.7,20.6,2.6,0.0,17.3,25.5,,0.4,0.3,0.6,.121,,1.2,-0.1,1.1,0.2,thompbr01
379,LaSalle Thompson,C,34,PHI,44,773,6.2,.454,.000,.289,9.0,21.0,14.9,5.1,1.3,1.9,28.3,7.5,,-0.3,0.5,0.2,.013,,-6.0,0.2,-5.8,-0.7,thompla01
380,Bob Thornton,PF,33,WSB,7,31,4.1,.218,.000,.333,23.2,22.3,22.8,0.0,1.7,0.0,12.7,11.4,,0.0,0.0,0.0,.001,,-7.8,-4.6,-12.4,-0.1,thornbo01
381,Otis Thorpe,PF,33,DET,82,2841,15.7,.573,.005,.424,9.3,19.6,14.6,10.1,1.0,1.1,16.2,20.3,,3.5,4.1,7.6,.128,,-0.4,0.1,-0.4,1.2,thorpot01
382,Sedale Threatt,PG,34,LAL,82,1687,13.2,.535,.321,.135,1.4,5.1,3.3,23.7,2.1,0.5,11.7,16.8,,2.4,1.3,3.7,.105,,-0.8,0.0,-0.7,0.6,threase01
383,Wayman Tisdale,PF,31,PHO,63,1152,16.4,.534,.000,.264,5.6,15.7,10.8,9.2,0.7,2.3,9.1,26.8,,1.2,0.8,2.0,.083,,-1.5,-1.1,-2.6,-0.2,tisdawa01
384,Andy Toolson,SF,30,UTA,13,53,4.4,.463,.545,.182,0.0,13.5,6.9,2.9,0.0,0.0,7.8,22.2,,0.0,0.0,0.0,-0.003,,-7.1,-3.2,-10.3,-0.1,toolsan01
385,Keith Tower,C,25,LAC,34,305,7.5,.491,.014,.361,8.5,11.6,10.1,2.4,0.7,2.7,16.1,14.5,,0.0,0.1,0.1,.014,,-4.9,-1.4,-6.3,-0.3,towerke01
386,Gary Trent,PF,21,POR,69,1219,12.4,.527,.021,.329,7.9,14.3,11.1,7.0,1.1,0.7,15.8,21.0,,0.1,1.6,1.7,.065,,-2.6,-0.3,-2.9,-0.3,trentga01
387,Jeff Turner,PF,33,ORL,13,192,3.6,.453,.529,.039,6.2,10.7,8.5,4.4,0.5,0.4,17.5,14.8,,-0.2,0.1,-0.1,-0.015,,-5.9,-2.3,-8.2,-0.3,turneje01
388,Nick Van Exel,PG,24,LAL,74,2513,15.9,.528,.424,.215,1.4,6.9,4.2,30.7,1.4,0.3,13.0,21.4,,4.2,1.6,5.7,.109,,2.3,-1.8,0.6,1.6,vanexni01
389,Logan Vander Velden,SF,24,LAC,15,31,1.8,.286,.357,.286,3.8,19.7,11.6,4.6,0.0,0.0,0.0,22.7,,-0.1,0.0,-0.1,-0.124,,-8.9,-5.0,-13.9,-0.1,vandelo01
390,David Vaughn,PF,22,ORL,33,266,6.0,.364,.013,.225,14.8,20.1,17.5,4.3,1.2,4.2,17.0,18.0,,-0.5,0.4,-0.1,-0.013,,-9.4,-1.5,-10.9,-0.6,vaughda02
391,Loy Vaught,PF,27,LAC,80,2966,16.7,.551,.017,.189,8.1,24.9,16.4,6.3,1.5,1.0,11.8,20.1,,3.4,2.9,6.3,.102,,0.1,-1.0,-0.9,0.8,vaughlo01
392,Rasheed Wallace,PF,21,WSB,65,1788,11.8,.530,.145,.212,6.2,13.6,10.0,7.3,1.2,2.2,14.3,18.0,,0.6,1.8,2.3,.063,,-1.6,0.2,-1.4,0.3,wallara01
393,Rex Walters,SG,25,TOT,44,610,12.8,.544,.446,.351,2.4,8.1,5.2,28.4,2.1,0.5,19.4,15.5,,0.7,0.2,0.9,.068,,-1.0,-0.5,-1.5,0.1,waltere01
393,Rex Walters,SG,25,NJN,11,87,10.3,.463,.364,.182,2.5,6.5,4.4,21.6,1.8,0.0,16.4,21.4,,0.0,0.1,0.0,.017,,-1.3,-0.3,-1.6,0.0,waltere01
393,Rex Walters,SG,25,PHI,33,523,13.2,.566,.470,.400,2.4,8.4,5.3,29.5,2.2,0.6,20.1,14.5,,0.7,0.1,0.8,.076,,-1.0,-0.5,-1.5,0.1,waltere01
394,Charlie Ward,PG,25,NYK,62,787,12.0,.505,.454,.248,4.5,10.7,7.7,25.9,3.6,0.6,24.6,19.0,,-0.4,1.4,1.0,.064,,-2.2,2.1,0.0,0.4,wardch01
395,Jamie Watson,SF,23,UTA,16,217,6.9,.493,.163,.302,2.9,12.1,7.6,15.6,2.0,0.8,25.9,13.9,,-0.2,0.2,0.1,.020,,-3.9,1.0,-2.9,0.0,watsoja01
396,Clarence Weatherspoon,SF,25,PHI,78,3096,17.1,.541,.002,.420,8.6,19.8,14.0,9.3,1.9,2.6,13.0,19.9,,3.4,2.4,5.8,.089,,0.1,-0.3,-0.2,1.4,weathcl01
397,Spud Webb,PG,32,TOT,77,1462,14.8,.551,.300,.337,2.0,6.2,4.1,32.1,1.9,0.4,18.2,18.4,,2.3,0.7,3.0,.099,,0.9,-1.2,-0.3,0.6,webbsp01
397,Spud Webb,PG,32,ATL,51,817,15.3,.576,.257,.392,2.6,6.2,4.3,27.2,1.8,0.2,16.4,17.1,,1.8,0.4,2.2,.132,,0.6,-0.9,-0.3,0.4,webbsp01
397,Spud Webb,PG,32,MIN,26,645,14.3,.522,.346,.279,1.3,6.1,3.7,38.2,2.0,0.6,20.2,20.1,,0.5,0.3,0.8,.058,,1.2,-1.6,-0.4,0.3,webbsp01
398,Chris Webber*,PF,22,WSB,15,558,23.6,.581,.123,.250,8.0,15.9,12.0,24.9,2.5,1.2,13.8,28.5,,1.2,0.7,1.9,.165,,5.1,0.6,5.7,1.1,webbech01
399,Jeff Webster,SF,24,WSB,11,58,7.0,.391,.261,.000,4.1,9.9,7.1,7.7,3.5,0.0,11.5,20.0,,-0.1,0.1,0.0,-0.030,,-4.8,-0.2,-4.9,0.0,webstje01
400,Bill Wennington,C,32,CHI,71,1065,11.0,.519,.003,.125,6.4,12.7,9.5,6.4,1.0,1.1,9.3,16.5,,1.2,1.6,2.8,.125,,-3.3,0.1,-3.2,-0.3,wennibi01
401,Robert Werdann,C,25,NJN,13,93,13.6,.517,.000,.406,5.8,21.8,13.6,3.9,2.8,2.5,13.7,20.5,,0.0,0.2,0.2,.084,,-3.7,1.4,-2.3,0.0,werdaro01
402,David Wesley,PG,25,BOS,82,2104,18.5,.585,.370,.391,3.5,10.7,7.0,29.2,2.4,0.4,15.6,20.9,,4.8,1.6,6.3,.144,,2.8,0.0,2.8,2.5,wesleda01
403,Doug West,SG,28,MIN,73,1639,7.6,.509,.033,.366,3.5,8.2,5.9,11.3,0.9,0.8,15.1,14.5,,0.3,0.5,0.8,.024,,-4.1,-0.9,-5.1,-1.3,westdo01
404,Mark West,C,35,DET,47,682,7.2,.514,.000,.357,9.0,14.4,11.8,1.4,0.5,4.3,19.4,12.7,,-0.1,1.0,0.8,.059,,-5.7,0.9,-4.8,-0.5,westma01
405,Dwayne Whitfield,PF,23,TOR,8,122,9.3,.504,.000,.733,8.7,15.7,12.2,2.4,1.3,1.2,16.8,17.2,,0.0,0.0,0.0,.010,,-4.6,-2.6,-7.2,-0.2,whitfdw01
406,Chris Whitney,PG,24,WSB,21,335,17.1,.634,.444,.444,0.7,10.7,5.8,22.6,2.8,0.2,16.3,18.9,,0.9,0.4,1.3,.181,,1.1,1.3,2.4,0.4,whitnch01
407,Gerald Wilkins,SG,32,VAN,28,738,7.3,.437,.312,.112,3.4,7.1,5.2,15.5,1.6,0.2,14.7,15.6,,-0.6,0.4,-0.2,-0.014,,-4.8,-1.2,-6.0,-0.7,wilkige01
408,Buck Williams,PF,35,POR,70,1672,12.3,.548,.008,.487,10.9,16.6,13.8,3.8,1.2,2.1,16.2,14.6,,1.4,2.6,3.9,.113,,-2.4,1.0,-1.4,0.3,willibu01
409,Eric Williams,SF,23,BOS,64,1470,13.3,.506,.018,.546,6.8,9.8,8.3,7.6,1.9,0.5,11.5,22.4,,0.7,0.9,1.6,.052,,-1.7,-1.2,-2.9,-0.3,willier01
410,Herb Williams,PF-C,37,TOT,44,571,8.0,.429,.026,.132,3.2,15.2,9.3,7.3,1.3,4.4,12.0,14.9,,-0.6,0.9,0.4,.033,,-5.3,1.7,-3.6,-0.2,willihe01
410,Herb Williams,C,37,TOR,1,31,8.7,.375,.000,.000,3.8,27.0,15.4,0.0,1.7,4.9,0.0,11.4,,0.0,0.0,0.0,.033,,-5.2,-1.3,-6.5,0.0,willihe01
410,Herb Williams,PF,37,NYK,43,540,7.9,.432,.028,.139,3.2,14.5,9.0,7.7,1.3,4.4,12.6,15.1,,-0.5,0.9,0.4,.033,,-5.3,1.8,-3.4,-0.2,willihe01
411,Hot Rod Williams,C,33,PHO,62,1652,12.4,.501,.003,.327,9.2,16.8,13.0,5.5,1.4,4.1,12.0,13.9,,1.0,1.7,2.8,.080,,-2.0,0.3,-1.6,0.2,williho01
412,Jayson Williams,PF,27,NJN,80,1858,16.4,.462,.011,.412,19.8,28.0,23.8,4.4,1.0,2.3,12.0,20.8,,0.9,3.0,3.8,.099,,-1.0,-2.0,-3.1,-0.5,willija01
413,Lorenzo Williams,C,26,DAL,65,1806,9.6,.404,.005,.327,12.5,18.3,15.1,6.4,1.3,4.7,24.2,7.4,,-0.1,1.8,1.7,.045,,-4.3,1.2,-3.0,-0.5,willilo01
414,Micheal Williams,PG,29,MIN,9,189,6.9,.504,.075,.825,1.9,12.7,7.3,24.0,1.4,1.2,29.7,18.2,,-0.2,0.1,-0.1,-0.021,,-6.3,-0.8,-7.1,-0.2,willimi02
415,Monty Williams,SF,24,TOT,31,184,8.4,.443,.015,.294,12.9,12.0,12.4,6.8,1.7,0.8,19.0,23.4,,-0.3,0.3,-0.1,-0.018,,-5.9,-1.5,-7.5,-0.3,willimo01
415,Monty Williams,SF,24,NYK,14,62,7.9,.372,.000,.364,17.7,14.9,16.2,10.0,1.7,0.0,16.4,22.9,,-0.1,0.1,0.0,-0.025,,-5.3,-1.4,-6.8,-0.1,willimo01
415,Monty Williams,SF,24,SAS,17,122,8.7,.478,.022,.261,10.5,10.5,10.5,5.2,1.7,1.2,20.2,23.7,,-0.2,0.2,0.0,-0.014,,-6.3,-1.6,-7.8,-0.2,willimo01
416,Reggie Williams,SF,31,DEN,52,817,8.4,.444,.350,.154,3.5,13.8,8.6,14.1,2.2,1.9,15.8,17.6,,-0.7,0.9,0.3,.016,,-4.8,1.1,-3.6,-0.3,willire01
417,Scott Williams,PF,27,PHI,13,193,10.5,.583,.069,.414,7.6,20.3,13.8,4.1,1.6,2.7,18.9,9.8,,0.1,0.1,0.3,.070,,-3.6,0.7,-2.9,0.0,willisc01
418,Walt Williams,SF,25,TOT,73,2169,15.8,.547,.363,.287,5.3,11.7,8.5,18.3,2.0,2.0,14.2,21.7,,2.6,2.5,5.1,.112,,1.4,0.7,2.1,2.3,williwa02
418,Walt Williams,SF,25,SAC,45,1381,16.2,.534,.315,.319,5.2,12.2,8.7,20.5,2.0,2.3,14.3,22.9,,1.6,1.3,2.9,.101,,1.5,0.3,1.9,1.3,williwa02
418,Walt Williams,SF,25,MIA,28,788,15.1,.572,.459,.224,5.6,10.8,8.3,14.3,2.1,1.6,14.0,19.7,,1.0,1.2,2.2,.132,,1.2,1.3,2.6,0.9,williwa02
419,Corliss Williamson,SF,22,SAC,53,609,8.5,.487,.011,.313,10.6,11.1,10.8,6.9,0.9,1.1,19.9,27.5,,-1.1,0.3,-0.8,-0.062,,-6.3,-2.9,-9.3,-1.1,willico02
420,Kevin Willis,PF,33,TOT,75,2135,11.7,.496,.013,.284,11.4,23.1,17.3,4.2,0.8,1.5,16.7,20.1,,-0.7,2.9,2.2,.050,,-3.5,-1.3,-4.8,-1.5,willike02
420,Kevin Willis,PF,33,MIA,47,1357,12.1,.513,.012,.303,11.8,24.0,18.0,4.2,0.7,1.4,17.5,19.0,,-0.1,2.3,2.1,.076,,-2.8,-0.6,-3.4,-0.5,willike02
420,Kevin Willis,PF,33,GSW,28,778,10.9,.472,.013,.257,10.8,21.5,16.1,4.0,0.9,1.5,15.7,22.2,,-0.6,0.6,0.1,.006,,-4.5,-2.6,-7.1,-1.0,willike02
421,Trevor Wilson,PF,27,PHI,6,79,13.2,.528,.000,.200,10.0,10.5,10.2,8.7,2.0,0.0,4.4,12.9,,0.1,0.0,0.2,.098,,0.3,-0.3,0.0,0.0,wilsotr01
422,David Wingate,SG,32,SEA,60,695,8.1,.485,.160,.193,3.0,6.3,4.8,12.9,1.5,0.5,15.4,17.5,,-0.2,0.8,0.6,.041,,-3.3,-0.5,-3.8,-0.3,wingada01
423,Dontonio Wingfield,SF,21,POR,44,487,11.1,.480,.401,.217,10.6,13.7,12.2,8.9,2.1,0.9,15.3,18.3,,0.1,0.8,0.9,.085,,-2.3,1.0,-1.3,0.1,wingfdo01
424,Joe Wolf,PF,31,TOT,64,1065,8.8,.528,.023,.110,5.5,14.8,10.2,8.7,0.7,0.3,13.2,13.5,,0.6,0.9,1.5,.067,,-4.2,-0.6,-4.8,-0.8,wolfjo01
424,Joe Wolf,PF,31,CHH,1,18,-2.0,.000,.000,.000,0.0,13.8,6.7,0.0,5.8,0.0,66.7,7.5,,-0.1,0.0,-0.1,-0.150,,-9.3,2.5,-6.8,0.0,wolfjo01
424,Joe Wolf,PF,31,ORL,63,1047,9.0,.530,.023,.111,5.6,14.8,10.3,8.9,0.6,0.4,12.7,13.6,,0.7,0.8,1.5,.071,,-4.1,-0.7,-4.8,-0.7,wolfjo01
425,David Wood,PF,31,TOT,62,772,9.2,.531,.356,.287,6.6,15.4,10.6,6.4,1.2,0.9,10.9,12.0,,0.8,0.5,1.3,.081,,-4.3,-0.2,-4.5,-0.5,woodda01
425,David Wood,PF,31,GSW,21,96,8.7,.628,.214,.571,8.3,10.9,9.6,7.4,1.1,0.8,14.6,9.3,,0.2,0.0,0.2,.111,,-3.5,-0.2,-3.7,0.0,woodda01
425,David Wood,PF,31,PHO,4,34,-0.6,.291,.000,.333,6.9,10.0,8.5,7.7,1.5,0.0,22.5,11.6,,-0.1,0.0,0.0,-0.068,,-9.5,-1.0,-10.5,-0.1,woodda01
425,David Wood,PF,31,DAL,37,642,9.8,.530,.383,.260,6.3,16.3,10.9,6.2,1.3,1.0,10.0,12.4,,0.7,0.4,1.1,.084,,-4.1,-0.2,-4.3,-0.4,woodda01
426,Randy Woods,PG,25,DEN,8,72,9.5,.415,.955,.091,4.8,4.8,4.8,24.8,4.3,1.0,17.9,17.3,,0.0,0.1,0.1,.038,,-1.7,3.3,1.5,0.1,woodsra01
427,Haywoode Workman,PG,30,IND,77,1164,10.2,.479,.274,.282,3.0,10.1,6.7,27.4,3.0,0.3,24.2,15.2,,-0.1,1.4,1.4,.056,,-2.5,1.6,-1.0,0.3,workmha01
428,Sharone Wright,C,23,TOT,57,1434,15.1,.530,.006,.506,11.7,17.2,14.4,4.8,1.1,2.5,14.8,22.8,,0.6,0.7,1.3,.043,,-1.8,-2.1,-3.9,-0.7,wrighsh01
428,Sharone Wright,C,23,PHI,46,1136,14.5,.518,.000,.484,12.3,18.3,15.2,4.3,1.1,2.5,14.8,21.5,,0.3,0.6,0.9,.037,,-2.2,-2.0,-4.1,-0.6,wrighsh01
428,Sharone Wright,C,23,TOR,11,298,17.3,.565,.023,.570,9.5,13.3,11.4,6.6,1.0,2.6,14.9,27.8,,0.3,0.1,0.4,.065,,-0.5,-2.5,-3.0,-0.1,wrighsh01
429,George Zídek,C,22,CHH,71,888,8.0,.486,.000,.375,9.2,15.9,12.5,2.7,0.5,0.6,11.6,16.7,,0.3,0.3,0.6,.031,,-5.2,-2.3,-7.5,-1.2,zidekge01
